Type d'établissement - Année scolaire;Libellé établissement;Adresse;Arrondissement;Code INSEE;Année scolaire;Type établissement;geo_shape;geo_point_2d
COLLEGES (année scolaire 2017/2018 - 2018/2019);HONORE DE BALZAC;118 boulevard BESSIERES;17ème Ardt;75117;2017/2018 - 2018/2019;;"{""type"": ""Point"", ""coordinates"": [2.315476824340967, 48.895530729202925]}";48.8955307292,2.31547682434
COLLEGES (année scolaire 2017/2018 - 2018/2019);MOULIN DES PRES;18 RUE DU MOULIN DES PRES;13ème Ardt;75113;2017/2018 - 2018/2019;;"{""type"": ""Point"", ""coordinates"": [2.352713359359341, 48.82878642410554]}";48.8287864241,2.35271335936
COLLEGES (année scolaire 2021/2022);CAMILLE SEE;11 RUE LEON LHERMITTE;15ème Ardt;75115;2021-2022;Collège;"{""type"": ""Point"", ""coordinates"": [2.296984032128427, 48.842990796819656]}";48.8429907968,2.29698403213
COLLEGES (année scolaire 2021/2022);LAVOISIER;17 RUE HENRI BARBUSSE;5ème Ardt;75105;2021-2022;Collège;"{""type"": ""Point"", ""coordinates"": [2.339294801449021, 48.84235456085726]}";48.8423545609,2.33929480145
COLLEGES (année scolaire 2019/2020);MARX DORMOY;55 rue MARX DORMOY;18ème Ardt;75118;2019-2020;;"{""type"": ""Point"", ""coordinates"": [2.359697412091033, 48.88849687599041]}";48.888496876,2.35969741209
COLLEGES (année scolaire 2020/2021);HELENE BOUCHER;75 COURS DE VINCENNES;20ème Ardt;75120;2020-2021;Collège;"{""type"": ""Point"", ""coordinates"": [2.406967533044743, 48.84781843548246]}";48.8478184355,2.40696753304
COLLEGES (année scolaire 2020/2021);GUSTAVE FLAUBERT;82 AVENUE D' IVRY;13ème Ardt;75113;2020-2021;Collège;"{""type"": ""Point"", ""coordinates"": [2.362659762060225, 48.82496991497495]}";48.824969915,2.36265976206
COLLEGES (année scolaire 2020/2021);ALPHONSE DAUDET;93 RUE D' ALESIA;14ème Ardt;75114;2020-2021;Collège;"{""type"": ""Point"", ""coordinates"": [2.325909407585153, 48.82801240851197]}";48.8280124085,2.32590940759
COLLEGES (année scolaire 2020/2021);MOULIN DES PRES;18 RUE DU MOULIN DES PRES;13ème Ardt;75113;2020-2021;Collège;"{""type"": ""Point"", ""coordinates"": [2.352713360766141, 48.828786420515655]}";48.8287864205,2.35271336077
COLLEGES (année scolaire 2020/2021);LUCIE FAURE;40 RUE DES PYRENEES;20ème Ardt;75120;2020-2021;Collège;"{""type"": ""Point"", ""coordinates"": [2.406501323731271, 48.850908971483676]}";48.8509089715,2.40650132373
COLLEGES (année scolaire 2020/2021);ANDRE MALRAUX;5 bis RUE SAINT-FERDINAND;17ème Ardt;75117;2020-2021;Collège;"{""type"": ""Point"", ""coordinates"": [2.290514944291561, 48.878810438890326]}";48.8788104389,2.29051494429
COLLEGES (année scolaire 2020/2021);LEON GAMBETTA;149 AVENUE GAMBETTA;20ème Ardt;75120;2020-2021;Collège;"{""type"": ""Point"", ""coordinates"": [2.402724143981059, 48.86999909387548]}";48.8699990939,2.40272414398
COLLEGES (année scolaire 2020/2021);ALAIN FOURNIER;87 RUE LEON FROT;11ème Ardt;75111;2020-2021;Collège;"{""type"": ""Point"", ""coordinates"": [2.383853741126549, 48.85822327881153]}";48.8582232788,2.38385374113
COLLEGES (année scolaire 2021/2022);AUGUSTE RODIN;19 RUE CORVISART;13ème Ardt;75113;2021-2022;Collège;"{""type"": ""Point"", ""coordinates"": [2.347148574677878, 48.83256966693822]}";48.8325696669,2.34714857468
COLLEGES (année scolaire 2017/2018 - 2018/2019);CHAPTAL;45 BOULEVARD DES BATIGNOLLES;8ème Ardt;75108;2017/2018 - 2018/2019;;"{""type"": ""Point"", ""coordinates"": [2.31968760117262, 48.88173758712077]}";48.8817375871,2.31968760117
COLLEGES (année scolaire 2017/2018 - 2018/2019);GEORGES MELIES;43 RUE DE TANGER;19ème Ardt;75119;2017/2018 - 2018/2019;;"{""type"": ""Point"", ""coordinates"": [2.370361625375632, 48.88807096598042]}";48.888070966,2.37036162538
COLLEGES (année scolaire 2017/2018 - 2018/2019);GEORGES COURTELINE;48 bis AVENUE DU DOCTEUR ARNOLD NETTER;12ème Ardt;75112;2017/2018 - 2018/2019;;"{""type"": ""Point"", ""coordinates"": [2.405739565327978, 48.84413178081728]}";48.8441317808,2.40573956533
COLLEGES (année scolaire 2017/2018 - 2018/2019);FRANCOISE DOLTO;354 RUE DES PYRENEES;20ème Ardt;75120;2017/2018 - 2018/2019;;"{""type"": ""Point"", ""coordinates"": [2.386914603358906, 48.873956693704514]}";48.8739566937,2.38691460336
COLLEGES (année scolaire 2017/2018 - 2018/2019);JACQUES PREVERT;18 rue SAINT-BENOIT;6ème Ardt;75106;2017/2018 - 2018/2019;;"{""type"": ""Point"", ""coordinates"": [2.332845541399115, 48.85473387640438]}";48.8547338764,2.3328455414
COLLEGES (année scolaire 2017/2018 - 2018/2019);MADAME DE STAEL;14 RUE DE STAEL;15ème Ardt;75115;2017/2018 - 2018/2019;;"{""type"": ""Point"", ""coordinates"": [2.310170694437916, 48.843618308994266]}";48.843618309,2.31017069444
COLLEGES (année scolaire 2017/2018 - 2018/2019);ANDRE CITROEN;208 rue SAINT-CHARLES;15ème Ardt;75115;2017/2018 - 2018/2019;;"{""type"": ""Point"", ""coordinates"": [2.278590252407172, 48.8388595725409]}";48.8388595725,2.27859025241
COLLEGES (année scolaire 2021/2022);GUSTAVE FLAUBERT;82 AVENUE D' IVRY;13ème Ardt;75113;2021-2022;Collège;"{""type"": ""Point"", ""coordinates"": [2.362659762060225, 48.82496991497495]}";48.824969915,2.36265976206
COLLEGES (année scolaire 2021/2022);MARIE CURIE;23 RUE BOINOD;18ème Ardt;75118;2021-2022;Collège;"{""type"": ""Point"", ""coordinates"": [2.3507358446303632, 48.89334018854465]}";48.8933401885,2.35073584463
COLLEGES (année scolaire 2021/2022);BEAUMARCHAIS;124 RUE AMELOT;11ème Ardt;75111;2021-2022;Collège;"{""type"": ""Point"", ""coordinates"": [2.366905964172059, 48.864231545646064]}";48.8642315456,2.36690596417
COLLEGES (année scolaire 2019/2020);YVONNE LE TAC;7 rue YVONNE LE TAC;18ème Ardt;75118;2019-2020;;"{""type"": ""Point"", ""coordinates"": [2.340653968864259, 48.88402412101799]}";48.884024121,2.34065396886
COLLEGES (année scolaire 2019/2020);BUFFON;16 boulevard PASTEUR;15ème Ardt;75115;2019-2020;;"{""type"": ""Point"", ""coordinates"": [2.31171757427465, 48.84345073182121]}";48.8434507318,2.31171757427
COLLEGES (année scolaire 2019/2020);AMEDEO MODIGLIANI;1 RUE DE CHERBOURG;15ème Ardt;75115;2019-2020;;"{""type"": ""Point"", ""coordinates"": [2.304739466013145, 48.831702737296695]}";48.8317027373,2.30473946601
COLLEGES (année scolaire 2019/2020);MADAME DE STAEL;14 RUE DE STAEL;15ème Ardt;75115;2019-2020;;"{""type"": ""Point"", ""coordinates"": [2.310170694437916, 48.843618308994266]}";48.843618309,2.31017069444
COLLEGES (année scolaire 2019/2020);JEAN MOULIN;75 RUE D' ALESIA;14ème Ardt;75114;2019-2020;;"{""type"": ""Point"", ""coordinates"": [2.328319952248037, 48.82773032828192]}";48.8277303283,2.32831995225
COLLEGES (année scolaire 2019/2020);STEPHANE MALLARME;29 RUE DE LA JONQUIERE;17ème Ardt;75117;2019-2020;;"{""type"": ""Point"", ""coordinates"": [2.324481598253392, 48.89348202048298]}";48.8934820205,2.32448159825
COLLEGES (année scolaire 2019/2020);LOUISE MICHEL;11 rue JEAN POULMARCH;10ème Ardt;75110;2019-2020;;"{""type"": ""Point"", ""coordinates"": [2.363608245583797, 48.872309055008266]}";48.872309055,2.36360824558
COLLEGES (année scolaire 2019/2020);JEAN FRANCOIS OEBEN;23 RUE DE REUILLY;12ème Ardt;75112;2019-2020;;"{""type"": ""Point"", ""coordinates"": [2.386162996876621, 48.84830590939759]}";48.8483059094,2.38616299688
COLLEGES (année scolaire 2020/2021);PIERRE JEAN DE BERANGER;5 RUE BERANGER;3ème Ardt;75103;2020-2021;Collège;"{""type"": ""Point"", ""coordinates"": [2.364260383409311, 48.86501699035452]}";48.8650169904,2.36426038341
COLLEGES (année scolaire 2020/2021);MADAME DE STAEL;14 RUE DE STAEL;15ème Ardt;75115;2020-2021;Collège;"{""type"": ""Point"", ""coordinates"": [2.310170695848046, 48.84361830540496]}";48.8436183054,2.31017069585
COLLEGES (année scolaire 2020/2021);HENRI MATISSE;3 RUE VITRUVE;20ème Ardt;75120;2020-2021;Collège;"{""type"": ""Point"", ""coordinates"": [2.401975118872313, 48.85645682794513]}";48.8564568279,2.40197511887
COLLEGES (année scolaire 2020/2021);FRANCOISE DOLTO;354 RUE DES PYRENEES;20ème Ardt;75120;2020-2021;Collège;"{""type"": ""Point"", ""coordinates"": [2.386914603390663, 48.87395669100667]}";48.873956691,2.38691460339
COLLEGES (année scolaire 2020/2021);VALMY;199 QUAI DE VALMY;10ème Ardt;75110;2020-2021;Collège;"{""type"": ""Point"", ""coordinates"": [2.368318407704824, 48.881623867084365]}";48.8816238671,2.3683184077
COLLEGES (année scolaire 2020/2021);CARNOT;145 BOULEVARD MALESHERBES;17ème Ardt;75117;2020-2021;Collège;"{""type"": ""Point"", ""coordinates"": [2.307843960015456, 48.88447741020546]}";48.8844774102,2.30784396002
COLLEGES (année scolaire 2020/2021);GERARD PHILIPE;8 RUE DES AMIRAUX;18ème Ardt;75118;2020-2021;Collège;"{""type"": ""Point"", ""coordinates"": [2.35194540525357, 48.89445882794093]}";48.8944588279,2.35194540525
COLLEGES (année scolaire 2021/2022);FRANCOISE DOLTO;354 RUE DES PYRENEES;20ème Ardt;75120;2021-2022;Collège;"{""type"": ""Point"", ""coordinates"": [2.386914603390663, 48.87395669100667]}";48.873956691,2.38691460339
COLLEGES (année scolaire 2021/2022);FRANCOISE SELIGMAN;21 RUE DE SAMBRE-ET-MEUSE;10ème Ardt;75110;2021-2022;Collège;"{""type"": ""Point"", ""coordinates"": [2.371691242263032, 48.87485079446565]}";48.8748507945,2.37169124226
COLLEGES (année scolaire 2021/2022);LUCIE ET RAYMOND AUBRAC;62 RUE DE LA FONTAINE AU ROI;11ème Ardt;75111;2021-2022;Collège;"{""type"": ""Point"", ""coordinates"": [2.37432137532878, 48.868234139286756]}";48.8682341393,2.37432137533
COLLEGES (année scolaire 2017/2018 - 2018/2019);MOLIERE;71 RUE DU RANELAGH;16ème Ardt;75116;2017/2018 - 2018/2019;;"{""type"": ""Point"", ""coordinates"": [2.272125246724246, 48.85500051565251]}";48.8550005157,2.27212524672
COLLEGES (année scolaire 2017/2018 - 2018/2019);JEAN PERRIN;6 rue EUGENE REISZ;20ème Ardt;75120;2017/2018 - 2018/2019;;"{""type"": ""Point"", ""coordinates"": [2.411192013680306, 48.856852620268185]}";48.8568526203,2.41119201368
COLLEGES (année scolaire 2017/2018 - 2018/2019);JANSON DE SAILLY;106 RUE DE LA POMPE;16ème Ardt;75116;2017/2018 - 2018/2019;;"{""type"": ""Point"", ""coordinates"": [2.279452315218582, 48.86556091683931]}";48.8655609168,2.27945231522
COLLEGES (année scolaire 2017/2018 - 2018/2019);CESAR FRANCK;5 RUE DE LA JUSSIENNE;2ème Ardt;75102;2017/2018 - 2018/2019;;"{""type"": ""Point"", ""coordinates"": [2.344202678490829, 48.86535584098959]}";48.865355841,2.34420267849
COLLEGES (année scolaire 2017/2018 - 2018/2019);JULES VERNE;20 RUE DE LA BRECHE AUX LOUPS;12ème Ardt;75112;2017/2018 - 2018/2019;;"{""type"": ""Point"", ""coordinates"": [2.394178300893202, 48.83755051077334]}";48.8375505108,2.39417830089
COLLEGES (année scolaire 2017/2018 - 2018/2019);LEON GAMBETTA;149 avenue GAMBETTA;20ème Ardt;75120;2017/2018 - 2018/2019;;"{""type"": ""Point"", ""coordinates"": [2.402724143950125, 48.869999096573316]}";48.8699990966,2.40272414395
COLLEGES (année scolaire 2017/2018 - 2018/2019);PAUL BERT;8 rue HUYGHENS;14ème Ardt;75114;2017/2018 - 2018/2019;;"{""type"": ""Point"", ""coordinates"": [2.328851213063905, 48.841041360278695]}";48.8410413603,2.32885121306
COLLEGES (année scolaire 2017/2018 - 2018/2019);JEAN DE LA FONTAINE;1 PLACE DE LA PORTE MOLITOR;16ème Ardt;75116;2017/2018 - 2018/2019;;"{""type"": ""Point"", ""coordinates"": [2.256577695447958, 48.84519060438342]}";48.8451906044,2.25657769545
COLLEGES (année scolaire 2021/2022);AIME CESAIRE;22 RUE PAJOL;18ème Ardt;75118;2021-2022;Collège;"{""type"": ""Point"", ""coordinates"": [2.363067598532841, 48.88959479273622]}";48.8895947927,2.36306759853
COLLEGES (année scolaire 2021/2022);MOULIN DES PRES;18 RUE DU MOULIN DES PRES;13ème Ardt;75113;2021-2022;Collège;"{""type"": ""Point"", ""coordinates"": [2.352713360766141, 48.828786420515655]}";48.8287864205,2.35271336077
COLLEGES (année scolaire 2021/2022);LOUISE MICHEL;11 RUE JEAN POULMARCH;10ème Ardt;75110;2021-2022;Collège;"{""type"": ""Point"", ""coordinates"": [2.363608245627746, 48.87230905141116]}";48.8723090514,2.36360824563
COLLEGES (année scolaire 2021/2022);MOLIERE;71 RUE DU RANELAGH;16ème Ardt;75116;2021-2022;Collège;"{""type"": ""Point"", ""coordinates"": [2.272125246761933, 48.855000512954625]}";48.855000513,2.27212524676
COLLEGES (année scolaire 2019/2020);GEORGES BRAQUE;91 rue BRILLAT-SAVARIN;13ème Ardt;75113;2019-2020;;"{""type"": ""Point"", ""coordinates"": [2.342886182741775, 48.82458829304343]}";48.824588293,2.34288618274
COLLEGES (année scolaire 2019/2020);ANDRE CITROEN;208 rue SAINT-CHARLES;15ème Ardt;75115;2019-2020;;"{""type"": ""Point"", ""coordinates"": [2.278590252407172, 48.8388595725409]}";48.8388595725,2.27859025241
COLLEGES (année scolaire 2019/2020);CLAUDE CHAPPE;9 RUE DES ALOUETTES;19ème Ardt;75119;2019-2020;;"{""type"": ""Point"", ""coordinates"": [2.385349729741228, 48.87749339446395]}";48.8774933945,2.38534972974
COLLEGES (année scolaire 2019/2020);PIERRE JEAN DE BERANGER;5 rue BERANGER;3ème Ardt;75103;2019-2020;;"{""type"": ""Point"", ""coordinates"": [2.364260383376388, 48.865016993052386]}";48.8650169931,2.36426038338
COLLEGES (année scolaire 2019/2020);HECTOR BERLIOZ;17 rue GEORGETTE AGUTTE;18ème Ardt;75118;2019-2020;;"{""type"": ""Point"", ""coordinates"": [2.332815674966588, 48.8958146705746]}";48.8958146706,2.33281567497
COLLEGES (année scolaire 2019/2020);PAUL VALERY;38 boulevard SOULT;12ème Ardt;75112;2019-2020;;"{""type"": ""Point"", ""coordinates"": [2.409179064579986, 48.83984209492747]}";48.8398420949,2.40917906458
COLLEGES (année scolaire 2019/2020);AIME CESAIRE;22 rue PAJOL;18ème Ardt;75118;2019-2020;;"{""type"": ""Point"", ""coordinates"": [2.363067598510841, 48.88959479453473]}";48.8895947945,2.36306759851
COLLEGES (année scolaire 2020/2021);DANIEL MAYER;2 PLACE HEBERT;18ème Ardt;75118;2020-2021;Collège;"{""type"": ""Point"", ""coordinates"": [2.363861812299952, 48.89314129381348]}";48.8931412938,2.3638618123
COLLEGES (année scolaire 2020/2021);ST EXUPERY;89 BOULEVARD ARAGO;14ème Ardt;75114;2020-2021;Collège;"{""type"": ""Point"", ""coordinates"": [2.335436904845988, 48.834349034877256]}";48.8343490349,2.33543690485
COLLEGES (année scolaire 2020/2021);VICTOR HUGO;11 RUE BARBETTE;3ème Ardt;75103;2020-2021;Collège;"{""type"": ""Point"", ""coordinates"": [2.36061765155014, 48.85884108725957]}";48.8588410873,2.36061765155
COLLEGES (année scolaire 2020/2021);ROLAND DORGELES;63 RUE DE CLIGNANCOURT;18ème Ardt;75118;2020-2021;Collège;"{""type"": ""Point"", ""coordinates"": [2.347862029264203, 48.888241908940714]}";48.8882419089,2.34786202926
COLLEGES (année scolaire 2021/2022);JEAN-BAPTISTE SAY;11 bis RUE D' AUTEUIL;16ème Ardt;75116;2021-2022;Collège;"{""type"": ""Point"", ""coordinates"": [2.267323661986636, 48.847305414456955]}";48.8473054145,2.26732366199
COLLEGES (année scolaire 2021/2022);JULES FERRY;77 bis BOULEVARD DE CLICHY;9ème Ardt;75109;2021-2022;Collège;"{""type"": ""Point"", ""coordinates"": [2.329145603915531, 48.88435017392332]}";48.8843501739,2.32914560392
COLLEGES (année scolaire 2017/2018 - 2018/2019);PIERRE DE RONSARD;140 AVENUE DE WAGRAM;17ème Ardt;75117;2017/2018 - 2018/2019;;"{""type"": ""Point"", ""coordinates"": [2.304093629982687, 48.885886098658624]}";48.8858860987,2.30409362998
COLLEGES (année scolaire 2017/2018 - 2018/2019);ANDRE MALRAUX;5 bis rue SAINT-FERDINAND;17ème Ardt;75117;2017/2018 - 2018/2019;;"{""type"": ""Point"", ""coordinates"": [2.290514942903624, 48.878810440680766]}";48.8788104407,2.2905149429
COLLEGES (année scolaire 2017/2018 - 2018/2019);ST EXUPERY;89 boulevard ARAGO;14ème Ardt;75114;2017/2018 - 2018/2019;;"{""type"": ""Point"", ""coordinates"": [2.335436904800127, 48.83434903847447]}";48.8343490385,2.3354369048
COLLEGES (année scolaire 2017/2018 - 2018/2019);JEAN MOULIN;75 RUE D' ALESIA;14ème Ardt;75114;2017/2018 - 2018/2019;;"{""type"": ""Point"", ""coordinates"": [2.328319952248037, 48.82773032828192]}";48.8277303283,2.32831995225
COLLEGES (année scolaire 2017/2018 - 2018/2019);GEORGES BRASSENS;4 rue ERIK SATIE;19ème Ardt;75119;2017/2018 - 2018/2019;;"{""type"": ""Point"", ""coordinates"": [2.386394321496482, 48.884330231621334]}";48.8843302316,2.3863943215
COLLEGES (année scolaire 2021/2022);DANIEL MAYER;2 PLACE HEBERT;18ème Ardt;75118;2021-2022;Collège;"{""type"": ""Point"", ""coordinates"": [2.363861812299952, 48.89314129381348]}";48.8931412938,2.3638618123
COLLEGES (année scolaire 2021/2022);LA GRANGE AUX BELLES;158 QUAI DE JEMMAPES;10ème Ardt;75110;2021-2022;Collège;"{""type"": ""Point"", ""coordinates"": [2.36663485657128, 48.87798501995132]}";48.87798502,2.36663485657
COLLEGES (année scolaire 2021/2022);ANTOINE COYSEVOX;16 RUE COYSEVOX;18ème Ardt;75118;2021-2022;Collège;"{""type"": ""Point"", ""coordinates"": [2.329820195243364, 48.89161762679699]}";48.8916176268,2.32982019524
COLLEGES (année scolaire 2021/2022);BORIS VIAN;76 BOULEVARD BERTHIER;17ème Ardt;75117;2021-2022;Collège;"{""type"": ""Point"", ""coordinates"": [2.304461807910867, 48.89057692750215]}";48.8905769275,2.30446180791
COLLEGES (année scolaire 2019/2020);CLAUDE BERNARD;1 AVENUE DU PARC DES PRINCES;16ème Ardt;75116;2019-2020;;"{""type"": ""Point"", ""coordinates"": [2.254942341593492, 48.84197468513282]}";48.8419746851,2.25494234159
COLLEGES (année scolaire 2019/2020);GUILLAUME APOLLINAIRE;39 avenue EMILE ZOLA;15ème Ardt;75115;2019-2020;;"{""type"": ""Point"", ""coordinates"": [2.28267964212898, 48.84657111640014]}";48.8465711164,2.28267964213
COLLEGES (année scolaire 2019/2020);HELENE BOUCHER;75 COURS DE VINCENNES;20ème Ardt;75120;2019-2020;;"{""type"": ""Point"", ""coordinates"": [2.406967531661635, 48.847818437274306]}";48.8478184373,2.40696753166
COLLEGES (année scolaire 2019/2020);ROSE BLANCHE;101 RUE DE SAUSSURE;17ème Ardt;75117;2019-2020;;"{""type"": ""Point"", ""coordinates"": [2.311717564252972, 48.88742997148777]}";48.8874299715,2.31171756425
COLLEGES (année scolaire 2019/2020);VICTOR DURUY;33 BOULEVARD DES INVALIDES;7ème Ardt;75107;2019-2020;;"{""type"": ""Point"", ""coordinates"": [2.314847938354699, 48.852300015928336]}";48.8523000159,2.31484793835
COLLEGES (année scolaire 2019/2020);AUGUSTE RODIN;19 rue CORVISART;13ème Ardt;75113;2019-2020;;"{""type"": ""Point"", ""coordinates"": [2.347148574632827, 48.83256967053545]}";48.8325696705,2.34714857463
COLLEGES (année scolaire 2019/2020);ANDRE MALRAUX;5 bis rue SAINT-FERDINAND;17ème Ardt;75117;2019-2020;;"{""type"": ""Point"", ""coordinates"": [2.290514942903624, 48.878810440680766]}";48.8788104407,2.2905149429
COLLEGES (année scolaire 2020/2021);AIME CESAIRE;22 RUE PAJOL;18ème Ardt;75118;2020-2021;Collège;"{""type"": ""Point"", ""coordinates"": [2.363067598532841, 48.88959479273622]}";48.8895947927,2.36306759853
COLLEGES (année scolaire 2020/2021);JULES ROMAINS;6 RUE CLER;7ème Ardt;75107;2020-2021;Collège;"{""type"": ""Point"", ""coordinates"": [2.3054337931400832, 48.858464582559236]}";48.8584645826,2.30543379314
COLLEGES (année scolaire 2020/2021);YVONNE LE TAC;7 RUE YVONNE LE TAC;18ème Ardt;75118;2020-2021;Collège;"{""type"": ""Point"", ""coordinates"": [2.340653968887032, 48.88402411921949]}";48.8840241192,2.34065396889
COLLEGES (année scolaire 2020/2021);CAMILLE CLAUDEL;4 bis AVENUE DE CHOISY;13ème Ardt;75113;2020-2021;Collège;"{""type"": ""Point"", ""coordinates"": [2.364862727732922, 48.82064046139027]}";48.8206404614,2.36486272773
COLLEGES (année scolaire 2021/2022);MAURICE UTRILLO;100 BOULEVARD NEY;18ème Ardt;75118;2021-2022;Collège;"{""type"": ""Point"", ""coordinates"": [2.344756432729263, 48.898208106896476]}";48.8982081069,2.34475643273
COLLEGES (année scolaire 2021/2022);PAUL GAUGUIN;35 RUE MILTON;9ème Ardt;75109;2021-2022;Collège;"{""type"": ""Point"", ""coordinates"": [2.342345239697091, 48.879230745115095]}";48.8792307451,2.3423452397
COLLEGES (année scolaire 2021/2022);JEAN FRANCOIS OEBEN;23 RUE DE REUILLY;12ème Ardt;75112;2021-2022;Collège;"{""type"": ""Point"", ""coordinates"": [2.3861629969189933, 48.848305905800395]}";48.8483059058,2.38616299692
COLLEGES (année scolaire 2021/2022);ALBERTO GIACOMETTI;7 RUE DU CANGE;14ème Ardt;75114;2021-2022;Collège;"{""type"": ""Point"", ""coordinates"": [2.314971561792519, 48.83426455206893]}";48.8342645521,2.31497156179
COLLEGES (année scolaire 2021/2022);EDOUARD PAILLERON;35 RUE EDOUARD PAILLERON;19ème Ardt;75119;2021-2022;Collège;"{""type"": ""Point"", ""coordinates"": [2.378959597676682, 48.881293191571345]}";48.8812931916,2.37895959768
COLLEGES (année scolaire 2017/2018 - 2018/2019);GERMAINE TILLION;8 avenue VINCENT D'INDY;12ème Ardt;75112;2017/2018 - 2018/2019;;"{""type"": ""Point"", ""coordinates"": [2.411707605991627, 48.843136285628006]}";48.8431362856,2.41170760599
COLLEGES (année scolaire 2021/2022);CAMILLE CLAUDEL;4 bis AVENUE DE CHOISY;13ème Ardt;75113;2021-2022;Collège;"{""type"": ""Point"", ""coordinates"": [2.364862727732922, 48.82064046139027]}";48.8206404614,2.36486272773
COLLEGES (année scolaire 2017/2018 - 2018/2019);AMEDEO MODIGLIANI;1 RUE DE CHERBOURG;15ème Ardt;75115;2017/2018 - 2018/2019;;"{""type"": ""Point"", ""coordinates"": [2.304739466013145, 48.831702737296695]}";48.8317027373,2.30473946601
COLLEGES (année scolaire 2021/2022);VICTOR HUGO;11 RUE BARBETTE;3ème Ardt;75103;2021-2022;Collège;"{""type"": ""Point"", ""coordinates"": [2.36061765155014, 48.85884108725957]}";48.8588410873,2.36061765155
COLLEGES (année scolaire 2017/2018 - 2018/2019);PIERRE MENDES FRANCE;24 rue LE VAU;20ème Ardt;75120;2017/2018 - 2018/2019;;"{""type"": ""Point"", ""coordinates"": [2.411159984896006, 48.868058331761986]}";48.8680583318,2.4111599849
COLLEGES (année scolaire 2017/2018 - 2018/2019);VALMY;199 QUAI DE VALMY;10ème Ardt;75110;2017/2018 - 2018/2019;;"{""type"": ""Point"", ""coordinates"": [2.368318406319591, 48.88162386887571]}";48.8816238689,2.36831840632
COLLEGES (année scolaire 2017/2018 - 2018/2019);GEORGE SAND;159 RUE DE TOLBIAC;13ème Ardt;75113;2017/2018 - 2018/2019;;"{""type"": ""Point"", ""coordinates"": [2.355885229053301, 48.826013798821954]}";48.8260137988,2.35588522905
COLLEGES (année scolaire 2017/2018 - 2018/2019);GUILLAUME APOLLINAIRE;39 avenue EMILE ZOLA;15ème Ardt;75115;2017/2018 - 2018/2019;;"{""type"": ""Point"", ""coordinates"": [2.28267964212898, 48.84657111640014]}";48.8465711164,2.28267964213
COLLEGES (année scolaire 2021/2022);GUY FLAVIEN;6 RUE D' ARTAGNAN;12ème Ardt;75112;2021-2022;Collège;"{""type"": ""Point"", ""coordinates"": [2.386137299021649, 48.84540802117804]}";48.8454080212,2.38613729902
COLLEGES (année scolaire 2021/2022);FRANCOIS VILLON;10 AVENUE MARC SANGNIER;14ème Ardt;75114;2021-2022;Collège;"{""type"": ""Point"", ""coordinates"": [2.305819984025645, 48.82622241072022]}";48.8262224107,2.30581998403
COLLEGES (année scolaire 2021/2022);ROBERT DOISNEAU;51 RUE DES PANOYAUX;20ème Ardt;75120;2021-2022;Collège;"{""type"": ""Point"", ""coordinates"": [2.387974290425766, 48.86707415481146]}";48.8670741548,2.38797429043
COLLEGES (année scolaire 2019/2020);JACQUES DECOUR;12 avenue TRUDAINE;9ème Ardt;75109;2019-2020;;"{""type"": ""Point"", ""coordinates"": [2.343423699651081, 48.88148627614048]}";48.8814862761,2.34342369965
COLLEGES (année scolaire 2019/2020);GUSTAVE FLAUBERT;82 AVENUE D'IVRY;13ème Ardt;75113;2019-2020;;"{""type"": ""Point"", ""coordinates"": [2.362659760676201, 48.82496991676632]}";48.8249699168,2.36265976068
COLLEGES (année scolaire 2019/2020);EDOUARD PAILLERON;35 rue EDOUARD PAILLERON;19ème Ardt;75119;2019-2020;;"{""type"": ""Point"", ""coordinates"": [2.378959596280998, 48.88129319426211]}";48.8812931943,2.37895959628
COLLEGES (année scolaire 2020/2021);MARX DORMOY;55 RUE MARX DORMOY;18ème Ardt;75118;2020-2021;Collège;"{""type"": ""Point"", ""coordinates"": [2.359697412102091, 48.88849687509113]}";48.8884968751,2.3596974121
COLLEGES (année scolaire 2021/2022);BUFFON;16 BOULEVARD PASTEUR;15ème Ardt;75115;2021-2022;Collège;"{""type"": ""Point"", ""coordinates"": [2.311717575684669, 48.84345072823187]}";48.8434507282,2.31171757568
COLLEGES (année scolaire 2021/2022);GEORGES CLEMENCEAU;43 RUE DES POISSONNIERS;18ème Ardt;75118;2021-2022;Collège;"{""type"": ""Point"", ""coordinates"": [2.351539771986947, 48.88906745779488]}";48.8890674578,2.35153977199
COLLEGES (année scolaire 2017/2018 - 2018/2019);EDGAR VARESE;16 rue ADOLPHE MILLE;19ème Ardt;75119;2017/2018 - 2018/2019;;"{""type"": ""Point"", ""coordinates"": [2.388586748379378, 48.88915990595]}";48.889159906,2.38858674838
COLLEGES (année scolaire 2021/2022);JACQUES PREVERT;18 RUE SAINT-BENOIT;6ème Ardt;75106;2021-2022;Collège;"{""type"": ""Point"", ""coordinates"": [2.332845541456687, 48.854733871907925]}";48.8547338719,2.33284554146
COLLEGES (année scolaire 2017/2018 - 2018/2019);LA GRANGE AUX BELLES;158 QUAI DE JEMMAPES;10ème Ardt;75110;2017/2018 - 2018/2019;;"{""type"": ""Point"", ""coordinates"": [2.366634856538472, 48.87798502264911]}";48.8779850226,2.36663485654
COLLEGES (année scolaire 2021/2022);OCTAVE GREARD;28 RUE DU GENERAL FOY;8ème Ardt;75108;2021-2022;Collège;"{""type"": ""Point"", ""coordinates"": [2.317693538401506, 48.87881482865126]}";48.8788148287,2.3176935384
COLLEGES (année scolaire 2017/2018 - 2018/2019);GERARD PHILIPE;8 RUE DES AMIRAUX;18ème Ardt;75118;2017/2018 - 2018/2019;;"{""type"": ""Point"", ""coordinates"": [2.351945405231183, 48.894458829739456]}";48.8944588297,2.35194540523
COLLEGES (année scolaire 2021/2022);MAURICE RAVEL;89 COURS DE VINCENNES;20ème Ardt;75120;2021-2022;Collège;"{""type"": ""Point"", ""coordinates"": [2.408337517839053, 48.8476711366186]}";48.8476711366,2.40833751784
COLLEGES (année scolaire 2017/2018 - 2018/2019);HENRI IV;23 rue CLOVIS;5ème Ardt;75105;2017/2018 - 2018/2019;;"{""type"": ""Point"", ""coordinates"": [2.347383671051442, 48.84635809736135]}";48.8463580974,2.34738367105
COLLEGES (année scolaire 2021/2022);GUILLAUME BUDE;7 RUE JEAN QUARRE;19ème Ardt;75119;2021-2022;Collège;"{""type"": ""Point"", ""coordinates"": [2.396286015359862, 48.8768337950643]}";48.8768337951,2.39628601536
COLLEGES (année scolaire 2017/2018 - 2018/2019);BORIS VIAN;76 boulevard BERTHIER;17ème Ardt;75117;2017/2018 - 2018/2019;;"{""type"": ""Point"", ""coordinates"": [2.304461806511084, 48.89057693019198]}";48.8905769302,2.30446180651
COLLEGES (année scolaire 2017/2018 - 2018/2019);MONTGOLFIER;15 rue MONTGOLFIER;3ème Ardt;75103;2017/2018 - 2018/2019;;"{""type"": ""Point"", ""coordinates"": [2.3573979777397, 48.86669136049018]}";48.8666913605,2.35739797774
COLLEGES (année scolaire 2017/2018 - 2018/2019);ANNE FRANK;38 rue TROUSSEAU;11ème Ardt;75111;2017/2018 - 2018/2019;;"{""type"": ""Point"", ""coordinates"": [2.379036764844029, 48.85192515034014]}";48.8519251503,2.37903676484
COLLEGES (année scolaire 2017/2018 - 2018/2019);EVARISTE GALOIS;11 RUE DU DOCTEUR BOURNEVILLE;13ème Ardt;75113;2017/2018 - 2018/2019;;"{""type"": ""Point"", ""coordinates"": [2.3583787134225043, 48.81844173882347]}";48.8184417388,2.35837871342
COLLEGES (année scolaire 2017/2018 - 2018/2019);HELENE BOUCHER;75 COURS DE VINCENNES;20ème Ardt;75120;2017/2018 - 2018/2019;;"{""type"": ""Point"", ""coordinates"": [2.406967531671868, 48.847818436375015]}";48.8478184364,2.40696753167
COLLEGES (année scolaire 2021/2022);JULES VERNE;20 RUE DE LA BRECHE AUX LOUPS;12ème Ardt;75112;2021-2022;Collège;"{""type"": ""Point"", ""coordinates"": [2.394178302213762, 48.837550514377504]}";48.8375505144,2.39417830221
COLLEGES (année scolaire 2021/2022);JACQUES DECOUR;12 AVENUE TRUDAINE;9ème Ardt;75109;2021-2022;Collège;"{""type"": ""Point"", ""coordinates"": [2.343423699673757, 48.88148627434192]}";48.8814862743,2.34342369967
COLLEGES (année scolaire 2021/2022);GEORGES BRASSENS;4 RUE ERIK SATIE;19ème Ardt;75119;2021-2022;Collège;"{""type"": ""Point"", ""coordinates"": [2.386394321538868, 48.88433022802426]}";48.884330228,2.38639432154
COLLEGES (année scolaire 2019/2020);JEAN DE LA FONTAINE;1 PLACE DE LA PORTE MOLITOR;16ème Ardt;75116;2019-2020;;"{""type"": ""Point"", ""coordinates"": [2.256577695447958, 48.84519060438342]}";48.8451906044,2.25657769545
COLLEGES (année scolaire 2019/2020);JEAN-BAPTISTE POQUELIN;6 rue MOLIERE;1er Ardt;75101;2019-2020;;"{""type"": ""Point"", ""coordinates"": [2.335488359845785, 48.864652866608765]}";48.8646528666,2.33548835985
COLLEGES (année scolaire 2019/2020);CHARLEMAGNE;13 rue CHARLEMAGNE;4ème Ardt;75104;2019-2020;;"{""type"": ""Point"", ""coordinates"": [2.360355646575449, 48.85415629240931]}";48.8541562924,2.36035564658
COLLEGES (année scolaire 2019/2020);PIERRE ALVISET;88 rue MONGE;5ème Ardt;75105;2019-2020;;"{""type"": ""Point"", ""coordinates"": [2.351783598619921, 48.84129470300835]}";48.841294703,2.35178359862
COLLEGES (année scolaire 2019/2020);GUILLAUME BUDE;7 rue JEAN QUARRE;19ème Ardt;75119;2019-2020;;"{""type"": ""Point"", ""coordinates"": [2.396286013965293, 48.87683379775527]}";48.8768337978,2.39628601397
COLLEGES (année scolaire 2019/2020);PAUL GAUGUIN;35 rue MILTON;9ème Ardt;75109;2019-2020;;"{""type"": ""Point"", ""coordinates"": [2.342345239663022, 48.87923074781289]}";48.8792307478,2.34234523966
COLLEGES (année scolaire 2019/2020);JEAN-BAPTISTE SAY;11 bis RUE D' AUTEUIL;16ème Ardt;75116;2019-2020;;"{""type"": ""Point"", ""coordinates"": [2.267323660586099, 48.847305417146494]}";48.8473054171,2.26732366059
COLLEGES (année scolaire 2020/2021);MAURICE UTRILLO;100 BOULEVARD NEY;18ème Ardt;75118;2020-2021;Collège;"{""type"": ""Point"", ""coordinates"": [2.344756432729263, 48.898208106896476]}";48.8982081069,2.34475643273
COLLEGES (année scolaire 2020/2021);MARIE CURIE;23 RUE BOINOD;18ème Ardt;75118;2020-2021;Collège;"{""type"": ""Point"", ""coordinates"": [2.3507358446303632, 48.89334018854465]}";48.8933401885,2.35073584463
COLLEGES (année scolaire 2020/2021);JEAN-BAPTISTE SAY;11 bis RUE D' AUTEUIL;16ème Ardt;75116;2020-2021;Collège;"{""type"": ""Point"", ""coordinates"": [2.267323661986636, 48.847305414456955]}";48.8473054145,2.26732366199
COLLEGES (année scolaire 2021/2022);MONTGOLFIER;15 RUE MONTGOLFIER;3ème Ardt;75103;2021-2022;Collège;"{""type"": ""Point"", ""coordinates"": [2.357397977784074, 48.86669135689308]}";48.8666913569,2.35739797778
COLLEGES (année scolaire 2021/2022);MADAME DE STAEL;14 RUE DE STAEL;15ème Ardt;75115;2021-2022;Collège;"{""type"": ""Point"", ""coordinates"": [2.310170695848046, 48.84361830540496]}";48.8436183054,2.31017069585
COLLEGES (année scolaire 2017/2018 - 2018/2019);FRANCOISE SELIGMANN;21 rue de SAMBRE-ET-MEUSE;10ème Ardt;75110;2017/2018 - 2018/2019;;"{""type"": ""Point"", ""coordinates"": [2.371691240856295, 48.87485079805558]}";48.8748507981,2.37169124086
COLLEGES (année scolaire 2017/2018 - 2018/2019);GUY FLAVIEN;6 RUE D' ARTAGNAN;12ème Ardt;75112;2017/2018 - 2018/2019;;"{""type"": ""Point"", ""coordinates"": [2.3861372976061093, 48.84540802566759]}";48.8454080257,2.38613729761
COLLEGES (année scolaire 2017/2018 - 2018/2019);BUFFON;16 boulevard PASTEUR;15ème Ardt;75115;2017/2018 - 2018/2019;;"{""type"": ""Point"", ""coordinates"": [2.311717574381539, 48.84345072372752]}";48.8434507237,2.31171757438
COLLEGES (année scolaire 2021/2022);CONDORCET;61 RUE D' AMSTERDAM;8ème Ardt;75108;2021-2022;Collège;"{""type"": ""Point"", ""coordinates"": [2.326971628741919, 48.880978435205776]}";48.8809784352,2.32697162874
COLLEGES (année scolaire 2021/2022);ANDRE CITROEN;208 RUE SAINT-CHARLES;15ème Ardt;75115;2021-2022;Collège;"{""type"": ""Point"", ""coordinates"": [2.278590252444514, 48.838859569843]}";48.8388595698,2.27859025244
COLLEGES (année scolaire 2021/2022);EDMOND MICHELET;70 RUE DE L' OURCQ;19ème Ardt;75119;2021-2022;Collège;"{""type"": ""Point"", ""coordinates"": [2.376485834379863, 48.89366655755415]}";48.8936665576,2.37648583438
COLLEGES (année scolaire 2019/2020);ALAIN FOURNIER;87 rue LEON FROT;11ème Ardt;75111;2019-2020;;"{""type"": ""Point"", ""coordinates"": [2.383853741084009, 48.85822328240869]}";48.8582232824,2.38385374108
COLLEGES (année scolaire 2019/2020);MAURICE UTRILLO;100 boulevard NEY;18ème Ardt;75118;2019-2020;;"{""type"": ""Point"", ""coordinates"": [2.344756431365313, 48.898208106889015]}";48.8982081069,2.34475643137
COLLEGES (année scolaire 2019/2020);GEORGE SAND;159 RUE DE TOLBIAC;13ème Ardt;75113;2019-2020;;"{""type"": ""Point"", ""coordinates"": [2.355885229053301, 48.826013798821954]}";48.8260137988,2.35588522905
COLLEGES (année scolaire 2019/2020);MAURICE RAVEL;89 COURS DE VINCENNES;20ème Ardt;75120;2019-2020;;"{""type"": ""Point"", ""coordinates"": [2.408337516445786, 48.847671139309796]}";48.8476711393,2.40833751645
COLLEGES (année scolaire 2020/2021);JACQUES DECOUR;12 AVENUE TRUDAINE;9ème Ardt;75109;2020-2021;Collège;"{""type"": ""Point"", ""coordinates"": [2.343423699673757, 48.88148627434192]}";48.8814862743,2.34342369967
COLLEGES (année scolaire 2020/2021);JULES FERRY;77 bis BOULEVARD DE CLICHY;9ème Ardt;75109;2020-2021;Collège;"{""type"": ""Point"", ""coordinates"": [2.329145603915531, 48.88435017392332]}";48.8843501739,2.32914560392
COLLEGES (année scolaire 2020/2021);ELSA TRIOLET;9 RUE YEO THOMAS;13ème Ardt;75113;2020-2021;Collège;"{""type"": ""Point"", ""coordinates"": [2.362500443908051, 48.8314131784095]}";48.8314131784,2.36250044391
COLLEGES (année scolaire 2020/2021);ALBERTO GIACOMETTI;7 RUE DU CANGE;14ème Ardt;75114;2020-2021;Collège;"{""type"": ""Point"", ""coordinates"": [2.314971561792519, 48.83426455206893]}";48.8342645521,2.31497156179
COLLEGES (année scolaire 2020/2021);CAMILLE SEE;11 RUE LEON LHERMITTE;15ème Ardt;75115;2020-2021;Collège;"{""type"": ""Point"", ""coordinates"": [2.296984032128427, 48.842990796819656]}";48.8429907968,2.29698403213
COLLEGES (année scolaire 2020/2021);GUY FLAVIEN;6 RUE D' ARTAGNAN;12ème Ardt;75112;2020-2021;Collège;"{""type"": ""Point"", ""coordinates"": [2.386137299021649, 48.84540802117804]}";48.8454080212,2.38613729902
COLLEGES (année scolaire 2020/2021);GABRIEL FAURE;81 AVENUE DE CHOISY;13ème Ardt;75113;2020-2021;Collège;"{""type"": ""Point"", ""coordinates"": [2.361407262120524, 48.82404489633226]}";48.8240448963,2.36140726212
COLLEGES (année scolaire 2020/2021);FRANCOIS VILLON;10 AVENUE MARC SANGNIER;14ème Ardt;75114;2020-2021;Collège;"{""type"": ""Point"", ""coordinates"": [2.305819984025645, 48.82622241072022]}";48.8262224107,2.30581998403
COLLEGES (année scolaire 2020/2021);HONORE DE BALZAC;118 BOULEVARD BESSIERES;17ème Ardt;75117;2020-2021;Collège;"{""type"": ""Point"", ""coordinates"": [2.315476824340967, 48.895530729202925]}";48.8955307292,2.31547682434
COLLEGES (année scolaire 2020/2021);CHARLES PEGUY;69 AVENUE SIMON BOLIVAR;19ème Ardt;75119;2020-2021;Collège;"{""type"": ""Point"", ""coordinates"": [2.376536636427912, 48.87628979019914]}";48.8762897902,2.37653663643
COLLEGES (année scolaire 2020/2021);EDGAR VARESE;16 RUE ADOLPHE MILLE;19ème Ardt;75119;2020-2021;Collège;"{""type"": ""Point"", ""coordinates"": [2.388586748411056, 48.889159903252185]}";48.8891599033,2.38858674841
COLLEGES (année scolaire 2020/2021);GEORGES MELIES;43 RUE DE TANGER;19ème Ardt;75119;2020-2021;Collège;"{""type"": ""Point"", ""coordinates"": [2.370361625408253, 48.888070963282594]}";48.8880709633,2.37036162541
COLLEGES (année scolaire 2021/2022);JEAN-BAPTISTE POQUELIN;6 RUE MOLIERE;1er Ardt;75101;2021-2022;Collège;"{""type"": ""Point"", ""coordinates"": [2.335488361254741, 48.864652863019195]}";48.864652863,2.33548836125
COLLEGES (année scolaire 2021/2022);GERMAINE TILLION;8 AVENUE VINCENT D'INDY;12ème Ardt;75112;2021-2022;Collège;"{""type"": ""Point"", ""coordinates"": [2.411707606011929, 48.8431362838294]}";48.8431362838,2.41170760601
COLLEGES (année scolaire 2021/2022);PIERRE ALVISET;88 RUE MONGE;5ème Ardt;75105;2021-2022;Collège;"{""type"": ""Point"", ""coordinates"": [2.351783600015938, 48.84129470031784]}";48.8412947003,2.35178360002
COLLEGES (année scolaire 2021/2022);JEAN-BAPTISTE CLEMENT;26 RUE HENRI CHEVREAU;20ème Ardt;75120;2021-2022;Collège;"{""type"": ""Point"", ""coordinates"": [2.389377915861977, 48.86995320747504]}";48.8699532075,2.38937791586
COLLEGES (année scolaire 2021/2022);THOMAS MANN;91 AVENUE DE FRANCE;13ème Ardt;75113;2021-2022;Collège;"{""type"": ""Point"", ""coordinates"": [2.377938859129364, 48.828917711700804]}";48.8289177117,2.37793885913
COLLEGES (année scolaire 2017/2018 - 2018/2019);SUZANNE LACORE;149 boulevard MacDonald;19ème Ardt;75119;2017/2018 - 2018/2019;;"{""type"": ""Point"", ""coordinates"": [2.378876548969465, 48.89860872328315]}";48.8986087233,2.37887654897
COLLEGES (année scolaire 2017/2018 - 2018/2019);HENRI BERGSON;27 bis rue EDOUARD PAILLERON;19ème Ardt;75119;2017/2018 - 2018/2019;;"{""type"": ""Point"", ""coordinates"": [2.37804037425787, 48.88113769757526]}";48.8811376976,2.37804037426
COLLEGES (année scolaire 2017/2018 - 2018/2019);STEPHANE MALLARME;29 RUE DE LA JONQUIERE;17ème Ardt;75117;2017/2018 - 2018/2019;;"{""type"": ""Point"", ""coordinates"": [2.324481598241724, 48.893482021382226]}";48.8934820214,2.32448159824
COLLEGES (année scolaire 2021/2022);JEAN PERRIN;6 RUE EUGENE REISZ;20ème Ardt;75120;2021-2022;Collège;"{""type"": ""Point"", ""coordinates"": [2.411192015083834, 48.8568526166777]}";48.8568526167,2.41119201508
COLLEGES (année scolaire 2019/2020);CHAPTAL;45 BOULEVARD DES BATIGNOLLES;8ème Ardt;75108;2019-2020;;"{""type"": ""Point"", ""coordinates"": [2.319687601184368, 48.88173758622152]}";48.8817375862,2.31968760118
COLLEGES (année scolaire 2019/2020);ST EXUPERY;89 boulevard ARAGO;14ème Ardt;75114;2019-2020;;"{""type"": ""Point"", ""coordinates"": [2.335436904811592, 48.834349037575194]}";48.8343490376,2.33543690481
COLLEGES (année scolaire 2019/2020);GERARD PHILIPE;8 RUE DES AMIRAUX;18ème Ardt;75118;2019-2020;;"{""type"": ""Point"", ""coordinates"": [2.351945405242378, 48.894458828840186]}";48.8944588288,2.35194540524
COLLEGES (année scolaire 2019/2020);CHARLES PEGUY;69 avenue SIMON BOLIVAR;19ème Ardt;75119;2019-2020;;"{""type"": ""Point"", ""coordinates"": [2.376536636395617, 48.87628979289701]}";48.8762897929,2.3765366364
COLLEGES (année scolaire 2019/2020);JULES VERNE;20 RUE DE LA BRECHE AUX LOUPS;12ème Ardt;75112;2019-2020;;"{""type"": ""Point"", ""coordinates"": [2.394178300799129, 48.83755051886712]}";48.8375505189,2.3941783008
COLLEGES (année scolaire 2019/2020);CONDORCET;61 RUE D' AMSTERDAM;8ème Ardt;75108;2019-2020;;"{""type"": ""Point"", ""coordinates"": [2.326971628718676, 48.88097843700428]}";48.880978437,2.32697162872
COLLEGES (année scolaire 2020/2021);PILATRE DE ROZIER;11 RUE BOUVIER;11ème Ardt;75111;2020-2021;Collège;"{""type"": ""Point"", ""coordinates"": [2.387212273993633, 48.85196267755862]}";48.8519626776,2.38721227399
COLLEGES (année scolaire 2020/2021);GEORGE SAND;159 RUE DE TOLBIAC;13ème Ardt;75113;2020-2021;Collège;"{""type"": ""Point"", ""coordinates"": [2.355885229075523, 48.82601379702333]}";48.826013797,2.35588522908
COLLEGES (année scolaire 2020/2021);LOUISE MICHEL;11 RUE JEAN POULMARCH;10ème Ardt;75110;2020-2021;Collège;"{""type"": ""Point"", ""coordinates"": [2.363608245627746, 48.87230905141116]}";48.8723090514,2.36360824563
COLLEGES (année scolaire 2020/2021);PAUL BERT;8 RUE HUYGHENS;14ème Ardt;75114;2020-2021;Collège;"{""type"": ""Point"", ""coordinates"": [2.328851213098645, 48.841041357580764]}";48.8410413576,2.3288512131
COLLEGES (année scolaire 2020/2021);GEORGES BRASSENS;4 RUE ERIK SATIE;19ème Ardt;75119;2020-2021;Collège;"{""type"": ""Point"", ""coordinates"": [2.386394321538868, 48.88433022802426]}";48.884330228,2.38639432154
COLLEGES (année scolaire 2020/2021);HENRI BERGSON;27 bis RUE EDOUARD PAILLERON;19ème Ardt;75119;2020-2021;Collège;"{""type"": ""Point"", ""coordinates"": [2.378040375653598, 48.88113769488454]}";48.8811376949,2.37804037565
COLLEGES (année scolaire 2021/2022);GUILLAUME APOLLINAIRE;39 AVENUE EMILE ZOLA;15ème Ardt;75115;2021-2022;Collège;"{""type"": ""Point"", ""coordinates"": [2.282679643541084, 48.84657111281111]}";48.8465711128,2.28267964354
COLLEGES (année scolaire 2017/2018 - 2018/2019);LAMARTINE;121 RUE DU FAUBOURG POISSONNIERE;9ème Ardt;75109;2017/2018 - 2018/2019;;"{""type"": ""Point"", ""coordinates"": [2.349089434800358, 48.878381402696334]}";48.8783814027,2.3490894348
COLLEGES (année scolaire 2017/2018 - 2018/2019);JULES FERRY;77 bis BOULEVARD DE CLICHY;9ème Ardt;75109;2017/2018 - 2018/2019;;"{""type"": ""Point"", ""coordinates"": [2.329145603880775, 48.884350176621105]}";48.8843501766,2.32914560388
COLLEGES (année scolaire 2017/2018 - 2018/2019);HECTOR BERLIOZ;17 rue GEORGETTE AGUTTE;18ème Ardt;75118;2017/2018 - 2018/2019;;"{""type"": ""Point"", ""coordinates"": [2.332815674955064, 48.89581467147387]}";48.8958146715,2.33281567496
COLLEGES (année scolaire 2017/2018 - 2018/2019);FRANCOIS VILLON;10 avenue MARC SANGNIER;14ème Ardt;75114;2017/2018 - 2018/2019;;"{""type"": ""Point"", ""coordinates"": [2.305819982627661, 48.82622241341022]}";48.8262224134,2.30581998263
COLLEGES (année scolaire 2017/2018 - 2018/2019);EUGENE DELACROIX;13 rue EUGENE DELACROIX;16ème Ardt;75116;2017/2018 - 2018/2019;;"{""type"": ""Point"", ""coordinates"": [2.277838764505605, 48.86260602908071]}";48.8626060291,2.27783876451
COLLEGES (année scolaire 2017/2018 - 2018/2019);LUCIE ET RAYMOND AUBRAC;62 RUE DE LA FONTAINE AU ROI;11ème Ardt;75111;2017/2018 - 2018/2019;;"{""type"": ""Point"", ""coordinates"": [2.374321373911604, 48.86823414377605]}";48.8682341438,2.37432137391
COLLEGES (année scolaire 2021/2022);VICTOR DURUY;33 BOULEVARD DES INVALIDES;7ème Ardt;75107;2021-2022;Collège;"{""type"": ""Point"", ""coordinates"": [2.314847939764742, 48.852300012338986]}";48.8523000123,2.31484793976
COLLEGES (année scolaire 2021/2022);EDGAR VARESE;16 RUE ADOLPHE MILLE;19ème Ardt;75119;2021-2022;Collège;"{""type"": ""Point"", ""coordinates"": [2.388586748411056, 48.889159903252185]}";48.8891599033,2.38858674841
COLLEGES (année scolaire 2019/2020);LAMARTINE;121 RUE DU FAUBOURG POISSONNIERE;9ème Ardt;75109;2019-2020;;"{""type"": ""Point"", ""coordinates"": [2.349089434811596, 48.87838140179708]}";48.8783814018,2.34908943481
COLLEGES (année scolaire 2019/2020);ROBERT DOISNEAU;51 RUE DES PANOYAUX;20ème Ardt;75120;2019-2020;;"{""type"": ""Point"", ""coordinates"": [2.387974290383503, 48.867074158408606]}";48.8670741584,2.38797429038
COLLEGES (année scolaire 2019/2020);MONTGOLFIER;15 rue MONTGOLFIER;3ème Ardt;75103;2019-2020;;"{""type"": ""Point"", ""coordinates"": [2.357397977750794, 48.86669135959088]}";48.8666913596,2.35739797775
COLLEGES (année scolaire 2019/2020);CESAR FRANCK;5 RUE DE LA JUSSIENNE;2ème Ardt;75102;2019-2020;;"{""type"": ""Point"", ""coordinates"": [2.34420267850215, 48.865355840090324]}";48.8653558401,2.3442026785
COLLEGES (année scolaire 2019/2020);JACQUES PREVERT;18 rue SAINT-BENOIT;6ème Ardt;75106;2019-2020;;"{""type"": ""Point"", ""coordinates"": [2.33284554141063, 48.85473387550506]}";48.8547338755,2.33284554141
COLLEGES (année scolaire 2019/2020);ROLAND DORGELES;63 RUE DE CLIGNANCOURT;18ème Ardt;75118;2019-2020;;"{""type"": ""Point"", ""coordinates"": [2.347862029241677, 48.88824191073928]}";48.8882419107,2.34786202924
COLLEGES (année scolaire 2019/2020);VALMY;199 QUAI DE VALMY;10ème Ardt;75110;2019-2020;;"{""type"": ""Point"", ""coordinates"": [2.368318406319591, 48.88162386887571]}";48.8816238689,2.36831840632
COLLEGES (année scolaire 2019/2020);LEON GAMBETTA;149 avenue GAMBETTA;20ème Ardt;75120;2019-2020;;"{""type"": ""Point"", ""coordinates"": [2.402724143950125, 48.869999096573316]}";48.8699990966,2.40272414395
COLLEGES (année scolaire 2020/2021);JACQUES PREVERT;18 RUE SAINT-BENOIT;6ème Ardt;75106;2020-2021;Collège;"{""type"": ""Point"", ""coordinates"": [2.332845541456687, 48.854733871907925]}";48.8547338719,2.33284554146
COLLEGES (année scolaire 2020/2021);CLAUDE DEBUSSY;4 PLACE DU COMMERCE;15ème Ardt;75115;2020-2021;Collège;"{""type"": ""Point"", ""coordinates"": [2.291597647510685, 48.84529147463902]}";48.8452914746,2.29159764751
COLLEGES (année scolaire 2021/2022);CARNOT;145 BOULEVARD MALESHERBES;17ème Ardt;75117;2021-2022;Collège;"{""type"": ""Point"", ""coordinates"": [2.307843960015456, 48.88447741020546]}";48.8844774102,2.30784396002
COLLEGES (année scolaire 2021/2022);ROSE BLANCHE;101 RUE DE SAUSSURE;17ème Ardt;75117;2021-2022;Collège;"{""type"": ""Point"", ""coordinates"": [2.311717565640409, 48.8874299696971]}";48.8874299697,2.31171756564
COLLEGES (année scolaire 2021/2022);HECTOR BERLIOZ;17 RUE GEORGETTE AGUTTE;18ème Ardt;75118;2021-2022;Collège;"{""type"": ""Point"", ""coordinates"": [2.332815674978112, 48.89581466967535]}";48.8958146697,2.33281567498
COLLEGES (année scolaire 2021/2022);LEON GAMBETTA;149 AVENUE GAMBETTA;20ème Ardt;75120;2021-2022;Collège;"{""type"": ""Point"", ""coordinates"": [2.402724143981059, 48.86999909387548]}";48.8699990939,2.40272414398
COLLEGES (année scolaire 2017/2018 - 2018/2019);JEAN-BAPTISTE SAY;11 bis RUE D' AUTEUIL;16ème Ardt;75116;2017/2018 - 2018/2019;;"{""type"": ""Point"", ""coordinates"": [2.267323660586099, 48.847305417146494]}";48.8473054171,2.26732366059
COLLEGES (année scolaire 2017/2018 - 2018/2019);BERNARD PALISSY;21 RUE DES PETITS HOTELS;10ème Ardt;75110;2017/2018 - 2018/2019;;"{""type"": ""Point"", ""coordinates"": [2.3528589943137153, 48.87746346536574]}";48.8774634654,2.35285899431
COLLEGES (année scolaire 2017/2018 - 2018/2019);CLAUDE BERNARD;1 AVENUE DU PARC DES PRINCES;16ème Ardt;75116;2017/2018 - 2018/2019;;"{""type"": ""Point"", ""coordinates"": [2.254942341593492, 48.84197468513282]}";48.8419746851,2.25494234159
COLLEGES (année scolaire 2017/2018 - 2018/2019);RAYMOND QUENEAU;66 boulevard SAINT-MARCEL;5ème Ardt;75105;2017/2018 - 2018/2019;;"{""type"": ""Point"", ""coordinates"": [2.354673915662758, 48.83789636148053]}";48.8378963615,2.35467391566
COLLEGES (année scolaire 2017/2018 - 2018/2019);VOLTAIRE;101 AVENUE DE LA REPUBLIQUE;11ème Ardt;75111;2017/2018 - 2018/2019;;"{""type"": ""Point"", ""coordinates"": [2.384525451536643, 48.8635255677655]}";48.8635255678,2.38452545154
COLLEGES (année scolaire 2021/2022);JEAN DE LA FONTAINE;1 PLACE DE LA PORTE MOLITOR;16ème Ardt;75116;2021-2022;Collège;"{""type"": ""Point"", ""coordinates"": [2.256577695486443, 48.84519060168556]}";48.8451906017,2.25657769549
COLLEGES (année scolaire 2021/2022);SUZANNE LACORE;BOULEVARD MAC DONALD;19ème Ardt;75119;2021-2022;Collège;"{""type"": ""Point"", ""coordinates"": [2.378876548969465, 48.89860872328315]}";48.8986087233,2.37887654897
COLLEGES (année scolaire 2019/2020);BEAUMARCHAIS;124 rue AMELOT;11ème Ardt;75111;2019-2020;;"{""type"": ""Point"", ""coordinates"": [2.366905964139272, 48.86423154834393]}";48.8642315483,2.36690596414
COLLEGES (année scolaire 2019/2020);GEORGES MELIES;43 RUE DE TANGER;19ème Ardt;75119;2019-2020;;"{""type"": ""Point"", ""coordinates"": [2.370361625386506, 48.88807096508113]}";48.8880709651,2.37036162539
COLLEGES (année scolaire 2019/2020);FRANCOIS VILLON;10 avenue MARC SANGNIER;14ème Ardt;75114;2019-2020;;"{""type"": ""Point"", ""coordinates"": [2.305819982627661, 48.82622241341022]}";48.8262224134,2.30581998263
COLLEGES (année scolaire 2019/2020);PIERRE DE RONSARD;140 AVENUE DE WAGRAM;17ème Ardt;75117;2019-2020;;"{""type"": ""Point"", ""coordinates"": [2.304093629994704, 48.88588609775934]}";48.8858860978,2.30409362999
COLLEGES (année scolaire 2019/2020);GERMAINE TILLION;8 avenue VINCENT D'INDY;12ème Ardt;75112;2019-2020;;"{""type"": ""Point"", ""coordinates"": [2.411707605981475, 48.84313628652733]}";48.8431362865,2.41170760598
COLLEGES (année scolaire 2019/2020);CAMILLE CLAUDEL;4 bis AVENUE DE CHOISY;13ème Ardt;75113;2019-2020;;"{""type"": ""Point"", ""coordinates"": [2.364862727700058, 48.820640464088235]}";48.8206404641,2.3648627277
COLLEGES (année scolaire 2019/2020);LAVOISIER;17 rue HENRI BARBUSSE;5ème Ardt;75105;2019-2020;;"{""type"": ""Point"", ""coordinates"": [2.339294801403418, 48.84235456445448]}";48.8423545645,2.3392948014
COLLEGES (année scolaire 2020/2021);CESAR FRANCK;5 RUE DE LA JUSSIENNE;2ème Ardt;75102;2020-2021;Collège;"{""type"": ""Point"", ""coordinates"": [2.344202679899203, 48.86535583739993]}";48.8653558374,2.3442026799
COLLEGES (année scolaire 2020/2021);ROGNONI;24 RUE DU CARDINAL LEMOINE;5ème Ardt;75105;2020-2021;Collège;"{""type"": ""Point"", ""coordinates"": [2.353281841578868, 48.84827305751572]}";48.8482730575,2.35328184158
COLLEGES (année scolaire 2020/2021);BERNARD PALISSY;21 RUE DES PETITS HOTELS;10ème Ardt;75110;2020-2021;Collège;"{""type"": ""Point"", ""coordinates"": [2.35285899572182, 48.877463461776024]}";48.8774634618,2.35285899572
COLLEGES (année scolaire 2020/2021);MONTGOLFIER;15 RUE MONTGOLFIER;3ème Ardt;75103;2020-2021;Collège;"{""type"": ""Point"", ""coordinates"": [2.357397977784074, 48.86669135689308]}";48.8666913569,2.35739797778
COLLEGES (année scolaire 2020/2021);GEORGES ROUAULT;3 RUE DU NOYER-DURAND;19ème Ardt;75119;2020-2021;Collège;"{""type"": ""Point"", ""coordinates"": [2.399077061965366, 48.886609192663514]}";48.8866091927,2.39907706197
COLLEGES (année scolaire 2017/2018 - 2018/2019);ROBERT DOISNEAU;51 RUE DES PANOYAUX;20ème Ardt;75120;2017/2018 - 2018/2019;;"{""type"": ""Point"", ""coordinates"": [2.387974290372938, 48.867074159307904]}";48.8670741593,2.38797429037
COLLEGES (année scolaire 2017/2018 - 2018/2019);CAMILLE CLAUDEL;4 bis AVENUE DE CHOISY;13ème Ardt;75113;2017/2018 - 2018/2019;;"{""type"": ""Point"", ""coordinates"": [2.364556550804408, 48.82057667413051]}";48.8205766741,2.3645565508
COLLEGES (année scolaire 2017/2018 - 2018/2019);CLAUDE DEBUSSY;4 PLACE DU COMMERCE;15ème Ardt;75115;2017/2018 - 2018/2019;;"{""type"": ""Point"", ""coordinates"": [2.291597647474012, 48.84529147733691]}";48.8452914773,2.29159764747
COLLEGES (année scolaire 2017/2018 - 2018/2019);PAUL VERLAINE;167 RUE DE BERCY;12ème Ardt;75112;2017/2018 - 2018/2019;;"{""type"": ""Point"", ""coordinates"": [2.3752385503850473, 48.84260745535199]}";48.8426074554,2.37523855039
COLLEGES (année scolaire 2021/2022);JULES ROMAINS;6 RUE CLER;7ème Ardt;75107;2021-2022;Collège;"{""type"": ""Point"", ""coordinates"": [2.3054337931400832, 48.858464582559236]}";48.8584645826,2.30543379314
COLLEGES (année scolaire 2017/2018 - 2018/2019);MOZART;7 rue JOMARD;19ème Ardt;75119;2017/2018 - 2018/2019;;"{""type"": ""Point"", ""coordinates"": [2.379308212541665, 48.889575954549336]}";48.8895759545,2.37930821254
COLLEGES (année scolaire 2021/2022);CLAUDE DEBUSSY;4 PLACE DU COMMERCE;15ème Ardt;75115;2021-2022;Collège;"{""type"": ""Point"", ""coordinates"": [2.291597647510685, 48.84529147463902]}";48.8452914746,2.29159764751
COLLEGES (année scolaire 2017/2018 - 2018/2019);PILATRE DE ROZIER;11 rue BOUVIER;11ème Ardt;75111;2017/2018 - 2018/2019;;"{""type"": ""Point"", ""coordinates"": [2.387212272588584, 48.85196268114882]}";48.8519626811,2.38721227259
COLLEGES (année scolaire 2021/2022);ANDRE MALRAUX;5 bis RUE SAINT-FERDINAND;17ème Ardt;75117;2021-2022;Collège;"{""type"": ""Point"", ""coordinates"": [2.290514944291561, 48.878810438890326]}";48.8788104389,2.29051494429
COLLEGES (année scolaire 2017/2018 - 2018/2019);PIERRE ALVISET;88 rue MONGE;5ème Ardt;75105;2017/2018 - 2018/2019;;"{""type"": ""Point"", ""coordinates"": [2.351783598619921, 48.84129470300835]}";48.841294703,2.35178359862
COLLEGES (année scolaire 2019/2020);SUZANNE LACORE;149 BOULEVARD MACDONALD;19ème Ardt;75119;2019-2020;;"{""type"": ""Point"", ""coordinates"": [2.378876548969465, 48.89860872328315]}";48.8986087233,2.37887654897
COLLEGES (année scolaire 2017/2018 - 2018/2019);COLETTE BESSON;9 RUE DES PANOYAUX;20ème Ardt;75120;2017/2018 - 2018/2019;;"{""type"": ""Point"", ""coordinates"": [2.38492350107841, 48.86642227933896]}";48.8664222793,2.38492350108
COLLEGES (année scolaire 2019/2020);MONTAIGNE;17 rue AUGUSTE COMTE;6ème Ardt;75106;2019-2020;;"{""type"": ""Point"", ""coordinates"": [2.3348321135383943, 48.84423739910643]}";48.8442373991,2.33483211354
COLLEGES (année scolaire 2021/2022);SONIA DELAUNAY;14 RUE EURYALE DEHAYNIN;19ème Ardt;75119;2021-2022;Collège;"{""type"": ""Point"", ""coordinates"": [2.378128741276411, 48.8859342974065]}";48.8859342974,2.37812874128
COLLEGES (année scolaire 2019/2020);GUY FLAVIEN;6 RUE D' ARTAGNAN;12ème Ardt;75112;2019-2020;;"{""type"": ""Point"", ""coordinates"": [2.386137297616703, 48.84540802476824]}";48.8454080248,2.38613729762
COLLEGES (année scolaire 2021/2022);CLAUDE BERNARD;1 AVENUE DU PARC DES PRINCES;16ème Ardt;75116;2021-2022;Collège;"{""type"": ""Point"", ""coordinates"": [2.254942341632058, 48.841974682434916]}";48.8419746824,2.25494234163
COLLEGES (année scolaire 2019/2020);CLAUDE DEBUSSY;4 PLACE DU COMMERCE;15ème Ardt;75115;2019-2020;;"{""type"": ""Point"", ""coordinates"": [2.291597647474012, 48.84529147733691]}";48.8452914773,2.29159764747
COLLEGES (année scolaire 2021/2022);STEPHANE MALLARME;29 RUE DE LA JONQUIERE;17ème Ardt;75117;2021-2022;Collège;"{""type"": ""Point"", ""coordinates"": [2.32448159826506, 48.893482019583715]}";48.8934820196,2.32448159827
COLLEGES (année scolaire 2019/2020);FRANCOIS COUPERIN;2 ALLEE DES JUSTES DE FRANCE;4ème Ardt;75104;2019-2020;;"{""type"": ""Point"", ""coordinates"": [2.3562783875836972, 48.85505968361592]}";48.8550596836,2.35627838758
COLLEGES (année scolaire 2019/2020);FLORA TRISTAN;4 rue GALLERON;20ème Ardt;75120;2019-2020;;"{""type"": ""Point"", ""coordinates"": [2.404630008313535, 48.85874304854273]}";48.8587430485,2.40463000831
COLLEGES (année scolaire 2019/2020);MOULIN DES PRES;18 RUE DU MOULIN DES PRES;13ème Ardt;75113;2019-2020;;"{""type"": ""Point"", ""coordinates"": [2.352713359370507, 48.82878642320625]}";48.8287864232,2.35271335937
COLLEGES (année scolaire 2019/2020);HENRI IV;23 rue CLOVIS;5ème Ardt;75105;2019-2020;;"{""type"": ""Point"", ""coordinates"": [2.347383671062703, 48.84635809646204]}";48.8463580965,2.34738367106
COLLEGES (année scolaire 2019/2020);EDMOND MICHELET;70 RUE DE L' OURCQ;19ème Ardt;75119;2019-2020;;"{""type"": ""Point"", ""coordinates"": [2.376485834369094, 48.893666558453425]}";48.8936665585,2.37648583437
COLLEGES (année scolaire 2019/2020);EDGAR VARESE;16 rue ADOLPHE MILLE;19ème Ardt;75119;2019-2020;;"{""type"": ""Point"", ""coordinates"": [2.388586748389937, 48.88915990505075]}";48.8891599051,2.38858674839
COLLEGES (année scolaire 2020/2021);CHARLEMAGNE;13 RUE CHARLEMAGNE;4ème Ardt;75104;2020-2021;Collège;"{""type"": ""Point"", ""coordinates"": [2.360355646608568, 48.854156289711405]}";48.8541562897,2.36035564661
COLLEGES (année scolaire 2019/2020);GEORGES BRASSENS;4 rue ERIK SATIE;19ème Ardt;75119;2019-2020;;"{""type"": ""Point"", ""coordinates"": [2.386394321507079, 48.88433023072209]}";48.8843302307,2.38639432151
COLLEGES (année scolaire 2020/2021);EDOUARD PAILLERON;35 RUE EDOUARD PAILLERON;19ème Ardt;75119;2020-2021;Collège;"{""type"": ""Point"", ""coordinates"": [2.378959597676682, 48.881293191571345]}";48.8812931916,2.37895959768
COLLEGES (année scolaire 2019/2020);ROGNONI;24 RUE DU CARDINAL LEMOINE;5ème Ardt;75105;2019-2020;;"{""type"": ""Point"", ""coordinates"": [2.353281840182742, 48.84827306020627]}";48.8482730602,2.35328184018
COLLEGES (année scolaire 2020/2021);CLAUDE CHAPPE;9 RUE DES ALOUETTES;19ème Ardt;75119;2020-2021;Collège;"{""type"": ""Point"", ""coordinates"": [2.385349731136482, 48.8774933917731]}";48.8774933918,2.38534973114
COLLEGES (année scolaire 2019/2020);GEORGES ROUAULT;3 RUE DU NOYER-DURAND;19ème Ardt;75119;2019-2020;;"{""type"": ""Point"", ""coordinates"": [2.399077061944611, 48.886609194462046]}";48.8866091945,2.39907706194
COLLEGES (année scolaire 2021/2022);AMEDEO MODIGLIANI;1 RUE DE CHERBOURG;15ème Ardt;75115;2021-2022;Collège;"{""type"": ""Point"", ""coordinates"": [2.304739466061122, 48.83170273369949]}";48.8317027337,2.30473946606
COLLEGES (année scolaire 2019/2020);JANSON DE SAILLY;106 RUE DE LA POMPE;16ème Ardt;75116;2019-2020;;"{""type"": ""Point"", ""coordinates"": [2.279452315218582, 48.86556091683931]}";48.8655609168,2.27945231522
COLLEGES (année scolaire 2021/2022);VOLTAIRE;101 AVENUE DE LA REPUBLIQUE;11ème Ardt;75111;2021-2022;Collège;"{""type"": ""Point"", ""coordinates"": [2.384525451483521, 48.863525572261956]}";48.8635255723,2.38452545148
COLLEGES (année scolaire 2019/2020);CLAUDE MONET;1 RUE DU DOCTEUR MAGNAN;13ème Ardt;75113;2019-2020;;"{""type"": ""Point"", ""coordinates"": [2.362324352022051, 48.827434471414165]}";48.8274344714,2.36232435202
COLLEGES (année scolaire 2021/2022);HENRI BERGSON;27 bis RUE EDOUARD PAILLERON;19ème Ardt;75119;2021-2022;Collège;"{""type"": ""Point"", ""coordinates"": [2.378040375653598, 48.88113769488454]}";48.8811376949,2.37804037565
COLLEGES (année scolaire 2019/2020);EVARISTE GALOIS;11 RUE DU DOCTEUR BOURNEVILLE;13ème Ardt;75113;2019-2020;;"{""type"": ""Point"", ""coordinates"": [2.35837871343357, 48.81844173792415]}";48.8184417379,2.35837871343
COLLEGES (année scolaire 2021/2022);CHARLEMAGNE;13 RUE CHARLEMAGNE;4ème Ardt;75104;2021-2022;Collège;"{""type"": ""Point"", ""coordinates"": [2.360355646608568, 48.854156289711405]}";48.8541562897,2.36035564661
COLLEGES (année scolaire 2019/2020);VICTOR HUGO;11 rue BARBETTE;3ème Ardt;75103;2019-2020;;"{""type"": ""Point"", ""coordinates"": [2.360617651517032, 48.85884108995745]}";48.85884109,2.36061765152
COLLEGES (année scolaire 2021/2022);GEORGE SAND;159 RUE DE TOLBIAC;13ème Ardt;75113;2021-2022;Collège;"{""type"": ""Point"", ""coordinates"": [2.355885229075523, 48.82601379702333]}";48.826013797,2.35588522908
COLLEGES (année scolaire 2020/2021);PIERRE ALVISET;88 RUE MONGE;5ème Ardt;75105;2020-2021;Collège;"{""type"": ""Point"", ""coordinates"": [2.351783600015938, 48.84129470031784]}";48.8412947003,2.35178360002
COLLEGES (année scolaire 2021/2022);LUCIE FAURE;40 RUE DES PYRENEES;20ème Ardt;75120;2021-2022;Collège;"{""type"": ""Point"", ""coordinates"": [2.406501323731271, 48.850908971483676]}";48.8509089715,2.40650132373
COLLEGES (année scolaire 2020/2021);GERMAINE TILLION;8 AVENUE VINCENT D'INDY;12ème Ardt;75112;2020-2021;Collège;"{""type"": ""Point"", ""coordinates"": [2.411707606011929, 48.8431362838294]}";48.8431362838,2.41170760601
COLLEGES (année scolaire 2021/2022);ALAIN FOURNIER;87 RUE LEON FROT;11ème Ardt;75111;2021-2022;Collège;"{""type"": ""Point"", ""coordinates"": [2.383853741126549, 48.85822327881153]}";48.8582232788,2.38385374113
COLLEGES (année scolaire 2020/2021);PAUL VALERY;38 BOULEVARD SOULT;12ème Ardt;75112;2020-2021;Collège;"{""type"": ""Point"", ""coordinates"": [2.409179064600375, 48.83984209312885]}";48.8398420931,2.4091790646
COLLEGES (année scolaire 2020/2021);FLORA TRISTAN;4 RUE GALLERON;20ème Ardt;75120;2020-2021;Collège;"{""type"": ""Point"", ""coordinates"": [2.404630008354641, 48.85874304494557]}";48.8587430449,2.40463000835
COLLEGES (année scolaire 2020/2021);BORIS VIAN;76 BOULEVARD BERTHIER;17ème Ardt;75117;2020-2021;Collège;"{""type"": ""Point"", ""coordinates"": [2.304461807910867, 48.89057692750215]}";48.8905769275,2.30446180791
COLLEGES (année scolaire 2020/2021);EDMOND MICHELET;70 RUE DE L' OURCQ;19ème Ardt;75119;2020-2021;Collège;"{""type"": ""Point"", ""coordinates"": [2.376485834379863, 48.89366655755415]}";48.8936665576,2.37648583438
COLLEGES (année scolaire 2021/2022);RAYMOND QUENEAU;66 BOULEVARD SAINT-MARCEL;5ème Ardt;75105;2021-2022;Collège;"{""type"": ""Point"", ""coordinates"": [2.354673915718428, 48.83789635698399]}";48.837896357,2.35467391572
COLLEGES (année scolaire 2017/2018 - 2018/2019);DANIEL MAYER;2 place HEBERT;18ème Ardt;75118;2017/2018 - 2018/2019;;"{""type"": ""Point"", ""coordinates"": [2.363861812288965, 48.89314129471269]}";48.8931412947,2.36386181229
COLLEGES (année scolaire 2021/2022);YVONNE LE TAC;7 RUE YVONNE LE TAC;18ème Ardt;75118;2021-2022;Collège;"{""type"": ""Point"", ""coordinates"": [2.340653968887032, 48.88402411921949]}";48.8840241192,2.34065396889
COLLEGES (année scolaire 2017/2018 - 2018/2019);FLORA TRISTAN;4 rue GALLERON;20ème Ardt;75120;2017/2018 - 2018/2019;;"{""type"": ""Point"", ""coordinates"": [2.404630008313535, 48.85874304854273]}";48.8587430485,2.40463000831
COLLEGES (année scolaire 2021/2022);HENRI IV;23 RUE CLOVIS;5ème Ardt;75105;2021-2022;Collège;"{""type"": ""Point"", ""coordinates"": [2.347383672470345, 48.8463580928723]}";48.8463580929,2.34738367247
COLLEGES (année scolaire 2017/2018 - 2018/2019);LOUISE MICHEL;11 rue JEAN POULMARCH;10ème Ardt;75110;2017/2018 - 2018/2019;;"{""type"": ""Point"", ""coordinates"": [2.3636082455728102, 48.872309055907564]}";48.8723090559,2.36360824557
COLLEGES (année scolaire 2021/2022);CLAUDE MONET;1 RUE DU DOCTEUR MAGNAN;13ème Ardt;75113;2021-2022;Collège;"{""type"": ""Point"", ""coordinates"": [2.362324353417151, 48.8274344687235]}";48.8274344687,2.36232435342
COLLEGES (année scolaire 2017/2018 - 2018/2019);CAMILLE SEE;11 rue LEON LHERMITTE;15ème Ardt;75115;2017/2018 - 2018/2019;;"{""type"": ""Point"", ""coordinates"": [2.296984030717406, 48.84299080040882]}";48.8429908004,2.29698403072
COLLEGES (année scolaire 2017/2018 - 2018/2019);GEORGES BRAQUE;91 rue BRILLAT-SAVARIN;13ème Ardt;75113;2017/2018 - 2018/2019;;"{""type"": ""Point"", ""coordinates"": [2.342886182741775, 48.82458829304343]}";48.824588293,2.34288618274
COLLEGES (année scolaire 2021/2022);PILATRE DE ROZIER;11 RUE BOUVIER;11ème Ardt;75111;2021-2022;Collège;"{""type"": ""Point"", ""coordinates"": [2.387212273993633, 48.85196267755862]}";48.8519626776,2.38721227399
COLLEGES (année scolaire 2021/2022);ROLAND DORGELES;63 RUE DE CLIGNANCOURT;18ème Ardt;75118;2021-2022;Collège;"{""type"": ""Point"", ""coordinates"": [2.347862029264203, 48.888241908940714]}";48.8882419089,2.34786202926
COLLEGES (année scolaire 2021/2022);CHARLES PEGUY;69 AVENUE SIMON BOLIVAR;19ème Ardt;75119;2021-2022;Collège;"{""type"": ""Point"", ""coordinates"": [2.376536636427912, 48.87628979019914]}";48.8762897902,2.37653663643
COLLEGES (année scolaire 2019/2020);LUCIE FAURE;40 RUE DES PYRENEES;20ème Ardt;75120;2019-2020;;"{""type"": ""Point"", ""coordinates"": [2.406501322337822, 48.850908974174786]}";48.8509089742,2.40650132234
COLLEGES (année scolaire 2019/2020);HONORE DE BALZAC;118 boulevard BESSIERES;17ème Ardt;75117;2019-2020;;"{""type"": ""Point"", ""coordinates"": [2.315476824340967, 48.895530729202925]}";48.8955307292,2.31547682434
COLLEGES (année scolaire 2019/2020);CAMILLE SEE;11 rue LEON LHERMITTE;15ème Ardt;75115;2019-2020;;"{""type"": ""Point"", ""coordinates"": [2.296984030717406, 48.84299080040882]}";48.8429908004,2.29698403072
COLLEGES (année scolaire 2019/2020);MARIE CURIE;23 rue BOINOD;18ème Ardt;75118;2019-2020;;"{""type"": ""Point"", ""coordinates"": [2.350735844619149, 48.89334018944393]}";48.8933401894,2.35073584462
COLLEGES (année scolaire 2019/2020);BORIS VIAN;76 boulevard BERTHIER;17ème Ardt;75117;2019-2020;;"{""type"": ""Point"", ""coordinates"": [2.304461806523097, 48.89057692929274]}";48.8905769293,2.30446180652
COLLEGES (année scolaire 2019/2020);FRANCOISE SELIGMANN;21 rue de SAMBRE-ET-MEUSE;10ème Ardt;75110;2019-2020;;"{""type"": ""Point"", ""coordinates"": [2.3716912408671442, 48.874850797156334]}";48.8748507972,2.37169124087
COLLEGES (année scolaire 2020/2021);GEORGES COURTELINE;48 bis AVENUE DU DOCTEUR ARNOLD NETTER;12ème Ardt;75112;2020-2021;Collège;"{""type"": ""Point"", ""coordinates"": [2.405739566721285, 48.8441317781261]}";48.8441317781,2.40573956672
COLLEGES (année scolaire 2020/2021);LUCIE ET RAYMOND AUBRAC;62 RUE DE LA FONTAINE AU ROI;11ème Ardt;75111;2020-2021;Collège;"{""type"": ""Point"", ""coordinates"": [2.37432137532878, 48.868234139286756]}";48.8682341393,2.37432137533
COLLEGES (année scolaire 2020/2021);GEORGES BRAQUE;91 RUE BRILLAT-SAVARIN;13ème Ardt;75113;2020-2021;Collège;"{""type"": ""Point"", ""coordinates"": [2.342886182764445, 48.824588291244794]}";48.8245882912,2.34288618276
COLLEGES (année scolaire 2020/2021);BEAUMARCHAIS;124 RUE AMELOT;11ème Ardt;75111;2020-2021;Collège;"{""type"": ""Point"", ""coordinates"": [2.366905964172059, 48.864231545646064]}";48.8642315456,2.36690596417
COLLEGES (année scolaire 2020/2021);SONIA DELAUNAY;14 RUE EURYALE DEHAYNIN;19ème Ardt;75119;2020-2021;Collège;"{""type"": ""Point"", ""coordinates"": [2.378128741276411, 48.8859342974065]}";48.8859342974,2.37812874128
COLLEGES (année scolaire 2021/2022);GERARD PHILIPE;8 RUE DES AMIRAUX;18ème Ardt;75118;2021-2022;Collège;"{""type"": ""Point"", ""coordinates"": [2.35194540525357, 48.89445882794093]}";48.8944588279,2.35194540525
COLLEGES (année scolaire 2017/2018 - 2018/2019);JEAN-BAPTISTE CLEMENT;26 rue HENRI CHEVREAU;20ème Ardt;75120;2017/2018 - 2018/2019;;"{""type"": ""Point"", ""coordinates"": [2.389377915809268, 48.869953211971456]}";48.869953212,2.38937791581
COLLEGES (année scolaire 2017/2018 - 2018/2019);ANTOINE COYSEVOX;16 rue COYSEVOX;18ème Ardt;75118;2017/2018 - 2018/2019;;"{""type"": ""Point"", ""coordinates"": [2.329820195220214, 48.89161762859552]}";48.8916176286,2.32982019522
COLLEGES (année scolaire 2017/2018 - 2018/2019);CARNOT;145 boulevard MALESHERBES;17ème Ardt;75117;2017/2018 - 2018/2019;;"{""type"": ""Point"", ""coordinates"": [2.30784395860416, 48.884477413794635]}";48.8844774138,2.3078439586
COLLEGES (année scolaire 2017/2018 - 2018/2019);JEAN FRANCOIS OEBEN;23 RUE DE REUILLY;12ème Ardt;75112;2017/2018 - 2018/2019;;"{""type"": ""Point"", ""coordinates"": [2.386162996876621, 48.84830590939759]}";48.8483059094,2.38616299688
COLLEGES (année scolaire 2017/2018 - 2018/2019);CLAUDE CHAPPE;9 RUE DES ALOUETTES;19ème Ardt;75119;2017/2018 - 2018/2019;;"{""type"": ""Point"", ""coordinates"": [2.385349729730616, 48.8774933953632]}";48.8774933954,2.38534972973
COLLEGES (année scolaire 2017/2018 - 2018/2019);JACQUES DECOUR;12 avenue TRUDAINE;9ème Ardt;75109;2017/2018 - 2018/2019;;"{""type"": ""Point"", ""coordinates"": [2.343423699651081, 48.88148627614048]}";48.8814862761,2.34342369965
COLLEGES (année scolaire 2021/2022);PAUL BERT;8 RUE HUYGHENS;14ème Ardt;75114;2021-2022;Collège;"{""type"": ""Point"", ""coordinates"": [2.328851213098645, 48.841041357580764]}";48.8410413576,2.3288512131
COLLEGES (année scolaire 2021/2022);GEORGES COURTELINE;48 bis AVENUE DU DOCTEUR ARNOLD NETTER;12ème Ardt;75112;2021-2022;Collège;"{""type"": ""Point"", ""coordinates"": [2.405739566721285, 48.8441317781261]}";48.8441317781,2.40573956672
COLLEGES (année scolaire 2019/2020);HENRI MATISSE;3 rue VITRUVE;20ème Ardt;75120;2019-2020;;"{""type"": ""Point"", ""coordinates"": [2.401975118831026, 48.8564568315423]}";48.8564568315,2.40197511883
COLLEGES (année scolaire 2019/2020);PILATRE DE ROZIER;11 rue BOUVIER;11ème Ardt;75111;2019-2020;;"{""type"": ""Point"", ""coordinates"": [2.387212272588584, 48.85196268114882]}";48.8519626811,2.38721227259
COLLEGES (année scolaire 2019/2020);SONIA DELAUNAY;14 rue EURYALE DEHAYNIN;19ème Ardt;75119;2019-2020;;"{""type"": ""Point"", ""coordinates"": [2.378128741254931, 48.88593429920504]}";48.8859342992,2.37812874125
COLLEGES (année scolaire 2020/2021);EVARISTE GALOIS;11 RUE DU DOCTEUR BOURNEVILLE;13ème Ardt;75113;2020-2021;Collège;"{""type"": ""Point"", ""coordinates"": [2.358378714817568, 48.81844173613279]}";48.8184417361,2.35837871482
COLLEGES (année scolaire 2020/2021);MAURICE RAVEL;89 COURS DE VINCENNES;20ème Ardt;75120;2020-2021;Collège;"{""type"": ""Point"", ""coordinates"": [2.408337517839053, 48.8476711366186]}";48.8476711366,2.40833751784
COLLEGES (année scolaire 2020/2021);PIERRE MENDES FRANCE;24 RUE LE VAU;20ème Ardt;75120;2020-2021;Collège;"{""type"": ""Point"", ""coordinates"": [2.411159984926501, 48.86805832906416]}";48.8680583291,2.41115998493
COLLEGES (année scolaire 2020/2021);LA GRANGE AUX BELLES;158 QUAI DE JEMMAPES;10ème Ardt;75110;2020-2021;Collège;"{""type"": ""Point"", ""coordinates"": [2.36663485657128, 48.87798501995132]}";48.87798502,2.36663485657
COLLEGES (année scolaire 2020/2021);CHAPTAL;45 BOULEVARD DES BATIGNOLLES;8ème Ardt;75108;2020-2021;Collège;"{""type"": ""Point"", ""coordinates"": [2.319687602583126, 48.88173758353144]}";48.8817375835,2.31968760258
COLLEGES (année scolaire 2020/2021);HECTOR BERLIOZ;17 RUE GEORGETTE AGUTTE;18ème Ardt;75118;2020-2021;Collège;"{""type"": ""Point"", ""coordinates"": [2.332815674978112, 48.89581466967535]}";48.8958146697,2.33281567498
COLLEGES (année scolaire 2020/2021);MONTAIGNE;17 RUE AUGUSTE COMTE;6ème Ardt;75106;2020-2021;Collège;"{""type"": ""Point"", ""coordinates"": [2.334832114935364, 48.84423739641615]}";48.8442373964,2.33483211494
COLLEGES (année scolaire 2020/2021);JEAN MOULIN;75 RUE D' ALESIA;14ème Ardt;75114;2020-2021;Collège;"{""type"": ""Point"", ""coordinates"": [2.328319953644901, 48.82773032559163]}";48.8277303256,2.32831995364
COLLEGES (année scolaire 2020/2021);GEORGES DUHAMEL;13 RUE DES VOLONTAIRES;15ème Ardt;75115;2020-2021;Collège;"{""type"": ""Point"", ""coordinates"": [2.30723382524095, 48.842647156953]}";48.842647157,2.30723382524
COLLEGES (année scolaire 2020/2021);JEAN FRANCOIS OEBEN;23 RUE DE REUILLY;12ème Ardt;75112;2020-2021;Collège;"{""type"": ""Point"", ""coordinates"": [2.3861629969189933, 48.848305905800395]}";48.8483059058,2.38616299692
COLLEGES (année scolaire 2020/2021);SUZANNE LACORE;BOULEVARD MAC DONALD;19ème Ardt;75119;2020-2021;Collège;"{""type"": ""Point"", ""coordinates"": [2.378876548969465, 48.89860872328315]}";48.8986087233,2.37887654897
COLLEGES (année scolaire 2020/2021);FRANCOISE SELIGMAN;;10ème Ardt;75110;2020-2021;Collège;"{""type"": ""Point"", ""coordinates"": [2.371691242263032, 48.87485079446565]}";48.8748507945,2.37169124226
COLLEGES (année scolaire 2021/2022);COLETTE BESSON;9 RUE DES PANOYAUX;20ème Ardt;75120;2021-2022;Collège;"{""type"": ""Point"", ""coordinates"": [2.384923501131501, 48.86642227484252]}";48.8664222748,2.38492350113
COLLEGES (année scolaire 2021/2022);FRANCOIS COUPERIN;2 ALLEE DES JUSTES DE FRANCE;4ème Ardt;75104;2021-2022;Collège;"{""type"": ""Point"", ""coordinates"": [2.35627838899096, 48.85505968002609]}";48.85505968,2.35627838899
COLLEGES (année scolaire 2021/2022);MOZART;7 RUE JOMARD;19ème Ardt;75119;2021-2022;Collège;"{""type"": ""Point"", ""coordinates"": [2.379308212552384, 48.889575953650045]}";48.8895759537,2.37930821255
COLLEGES (année scolaire 2021/2022);GEORGES DUHAMEL;13 RUE DES VOLONTAIRES;15ème Ardt;75115;2021-2022;Collège;"{""type"": ""Point"", ""coordinates"": [2.30723382524095, 48.842647156953]}";48.842647157,2.30723382524
COLLEGES (année scolaire 2017/2018 - 2018/2019);LUCIE FAURE;40 RUE DES PYRENEES;20ème Ardt;75120;2017/2018 - 2018/2019;;"{""type"": ""Point"", ""coordinates"": [2.4065013223480642, 48.8509089732755]}";48.8509089733,2.40650132235
COLLEGES (année scolaire 2017/2018 - 2018/2019);OCTAVE GREARD;28 RUE DU GENERAL FOY;8ème Ardt;75108;2017/2018 - 2018/2019;;"{""type"": ""Point"", ""coordinates"": [2.3176935383779442, 48.878814830449805]}";48.8788148304,2.31769353838
COLLEGES (année scolaire 2017/2018 - 2018/2019);CONDORCET;61 RUE D' AMSTERDAM;8ème Ardt;75108;2017/2018 - 2018/2019;;"{""type"": ""Point"", ""coordinates"": [2.326971628718676, 48.88097843700428]}";48.880978437,2.32697162872
COLLEGES (année scolaire 2017/2018 - 2018/2019);GEORGES ROUAULT;3 RUE DU NOYER-DURAND;19ème Ardt;75119;2017/2018 - 2018/2019;;"{""type"": ""Point"", ""coordinates"": [2.399077061944611, 48.886609194462046]}";48.8866091945,2.39907706194
COLLEGES (année scolaire 2017/2018 - 2018/2019);JEAN-BAPTISTE POQUELIN;6 rue MOLIERE;1er Ardt;75101;2017/2018 - 2018/2019;;"{""type"": ""Point"", ""coordinates"": [2.335488359834314, 48.86465286750805]}";48.8646528675,2.33548835983
COLLEGES (année scolaire 2019/2020);VOLTAIRE;101 AVENUE DE LA REPUBLIQUE;11ème Ardt;75111;2019-2020;;"{""type"": ""Point"", ""coordinates"": [2.384525451441024, 48.863525575859086]}";48.8635255759,2.38452545144
COLLEGES (année scolaire 2020/2021);CONDORCET;61 RUE D' AMSTERDAM;8ème Ardt;75108;2020-2021;Collège;"{""type"": ""Point"", ""coordinates"": [2.326971628741919, 48.880978435205776]}";48.8809784352,2.32697162874
COLLEGES (année scolaire 2017/2018 - 2018/2019);LA ROSE BLANCHE;34 RUE MARIE-GEORGES PICQUART;17ème Ardt;75117;2017/2018 - 2018/2019;;"{""type"": ""Point"", ""coordinates"": [2.310037489432322, 48.889335286302796]}";48.8893352863,2.31003748943
COLLEGES (année scolaire 2020/2021);BUFFON;16 BOULEVARD PASTEUR;15ème Ardt;75115;2020-2021;Collège;"{""type"": ""Point"", ""coordinates"": [2.311717575684669, 48.84345072823187]}";48.8434507282,2.31171757568
COLLEGES (année scolaire 2017/2018 - 2018/2019);ROGNONI;24 RUE DU CARDINAL LEMOINE;5ème Ardt;75105;2017/2018 - 2018/2019;;"{""type"": ""Point"", ""coordinates"": [2.353281840182742, 48.84827306020627]}";48.8482730602,2.35328184018
COLLEGES (année scolaire 2020/2021);JULES VERNE;20 RUE DE LA BRECHE AUX LOUPS;12ème Ardt;75112;2020-2021;Collège;"{""type"": ""Point"", ""coordinates"": [2.394178302213762, 48.837550514377504]}";48.8375505144,2.39417830221
COLLEGES (année scolaire 2017/2018 - 2018/2019);HENRI MATISSE;3 rue VITRUVE;20ème Ardt;75120;2017/2018 - 2018/2019;;"{""type"": ""Point"", ""coordinates"": [2.401975118831026, 48.8564568315423]}";48.8564568315,2.40197511883
COLLEGES (année scolaire 2020/2021);GUILLAUME APOLLINAIRE;39 AVENUE EMILE ZOLA;15ème Ardt;75115;2020-2021;Collège;"{""type"": ""Point"", ""coordinates"": [2.282679643541084, 48.84657111281111]}";48.8465711128,2.28267964354
COLLEGES (année scolaire 2017/2018 - 2018/2019);CHARLEMAGNE;13 rue CHARLEMAGNE;4ème Ardt;75104;2017/2018 - 2018/2019;;"{""type"": ""Point"", ""coordinates"": [2.360355646575449, 48.85415629240931]}";48.8541562924,2.36035564658
COLLEGES (année scolaire 2020/2021);JEAN-BAPTISTE CLEMENT;26 RUE HENRI CHEVREAU;20ème Ardt;75120;2020-2021;Collège;"{""type"": ""Point"", ""coordinates"": [2.389377915861977, 48.86995320747504]}";48.8699532075,2.38937791586
COLLEGES (année scolaire 2017/2018 - 2018/2019);VICTOR HUGO;11 rue BARBETTE;3ème Ardt;75103;2017/2018 - 2018/2019;;"{""type"": ""Point"", ""coordinates"": [2.360617651517032, 48.85884108995745]}";48.85884109,2.36061765152
COLLEGES (année scolaire 2020/2021);VICTOR DURUY;33 BOULEVARD DES INVALIDES;7ème Ardt;75107;2020-2021;Collège;"{""type"": ""Point"", ""coordinates"": [2.314847939764742, 48.852300012338986]}";48.8523000123,2.31484793976
COLLEGES (année scolaire 2021/2022);PAUL VERLAINE;167 RUE DE BERCY;12ème Ardt;75112;2021-2022;Collège;"{""type"": ""Point"", ""coordinates"": [2.375238551801448, 48.84260745086263]}";48.8426074509,2.3752385518
COLLEGES (année scolaire 2020/2021);JEAN-BAPTISTE POQUELIN;6 RUE MOLIERE;1er Ardt;75101;2020-2021;Collège;"{""type"": ""Point"", ""coordinates"": [2.335488361254741, 48.864652863019195]}";48.864652863,2.33548836125
COLLEGES (année scolaire 2019/2020);FRANCOISE DOLTO;354 RUE DES PYRENEES;20ème Ardt;75120;2019-2020;;"{""type"": ""Point"", ""coordinates"": [2.386914603358906, 48.873956693704514]}";48.8739566937,2.38691460336
COLLEGES (année scolaire 2020/2021);THOMAS MANN;91 AVENUE DE FRANCE;13ème Ardt;75113;2020-2021;Collège;"{""type"": ""Point"", ""coordinates"": [2.377938859129364, 48.828917711700804]}";48.8289177117,2.37793885913
COLLEGES (année scolaire 2019/2020);GEORGES CLEMENCEAU;43 RUE DES POISSONNIERS;18ème Ardt;75118;2019-2020;;"{""type"": ""Point"", ""coordinates"": [2.351539771964548, 48.88906745959342]}";48.8890674596,2.35153977196
COLLEGES (année scolaire 2020/2021);VOLTAIRE;101 AVENUE DE LA REPUBLIQUE;11ème Ardt;75111;2020-2021;Collège;"{""type"": ""Point"", ""coordinates"": [2.384525451483521, 48.863525572261956]}";48.8635255723,2.38452545148
COLLEGES (année scolaire 2019/2020);CARNOT;145 boulevard MALESHERBES;17ème Ardt;75117;2019-2020;;"{""type"": ""Point"", ""coordinates"": [2.307843958616113, 48.88447741289535]}";48.8844774129,2.30784395862
COLLEGES (année scolaire 2020/2021);PAUL GAUGUIN;35 RUE MILTON;9ème Ardt;75109;2020-2021;Collège;"{""type"": ""Point"", ""coordinates"": [2.342345239697091, 48.879230745115095]}";48.8792307451,2.3423452397
COLLEGES (année scolaire 2020/2021);AUGUSTE RODIN;19 RUE CORVISART;13ème Ardt;75113;2020-2021;Collège;"{""type"": ""Point"", ""coordinates"": [2.347148574677878, 48.83256966693822]}";48.8325696669,2.34714857468
COLLEGES (année scolaire 2021/2022);LAMARTINE;121 RUE DU FAUBOURG POISSONNIERE;9ème Ardt;75109;2021-2022;Collège;"{""type"": ""Point"", ""coordinates"": [2.349089434845314, 48.87838139909924]}";48.8783813991,2.34908943485
COLLEGES (année scolaire 2020/2021);CLAUDE BERNARD;1 AVENUE DU PARC DES PRINCES;16ème Ardt;75116;2020-2021;Collège;"{""type"": ""Point"", ""coordinates"": [2.254942341632058, 48.841974682434916]}";48.8419746824,2.25494234163
COLLEGES (année scolaire 2021/2022);CLAUDE CHAPPE;9 RUE DES ALOUETTES;19ème Ardt;75119;2021-2022;Collège;"{""type"": ""Point"", ""coordinates"": [2.385349731136482, 48.8774933917731]}";48.8774933918,2.38534973114
COLLEGES (année scolaire 2020/2021);GUILLAUME BUDE;7 RUE JEAN QUARRE;19ème Ardt;75119;2020-2021;Collège;"{""type"": ""Point"", ""coordinates"": [2.396286015359862, 48.8768337950643]}";48.8768337951,2.39628601536
COLLEGES (année scolaire 2021/2022);ST EXUPERY;89 BOULEVARD ARAGO;14ème Ardt;75114;2021-2022;Collège;"{""type"": ""Point"", ""coordinates"": [2.335436904845988, 48.834349034877256]}";48.8343490349,2.33543690485
COLLEGES (année scolaire 2021/2022);BERNARD PALISSY;21 RUE DES PETITS HOTELS;10ème Ardt;75110;2021-2022;Collège;"{""type"": ""Point"", ""coordinates"": [2.35285899572182, 48.877463461776024]}";48.8774634618,2.35285899572
COLLEGES (année scolaire 2021/2022);ELSA TRIOLET;9 RUE YEO THOMAS;13ème Ardt;75113;2021-2022;Collège;"{""type"": ""Point"", ""coordinates"": [2.362500443908051, 48.8314131784095]}";48.8314131784,2.36250044391
COLLEGES (année scolaire 2021/2022);GEORGES BRAQUE;91 RUE BRILLAT-SAVARIN;13ème Ardt;75113;2021-2022;Collège;"{""type"": ""Point"", ""coordinates"": [2.342886182764445, 48.824588291244794]}";48.8245882912,2.34288618276
COLLEGES (année scolaire 2021/2022);VALMY;199 QUAI DE VALMY;10ème Ardt;75110;2021-2022;Collège;"{""type"": ""Point"", ""coordinates"": [2.368318407704824, 48.881623867084365]}";48.8816238671,2.3683184077
COLLEGES (année scolaire 2017/2018 - 2018/2019);THOMAS MANN;91 AVENUE DE FRANCE;13ème Ardt;75113;2017/2018 - 2018/2019;;"{""type"": ""Point"", ""coordinates"": [2.377938857724298, 48.82891771529097]}";48.8289177153,2.37793885772
COLLEGES (année scolaire 2017/2018 - 2018/2019);LAVOISIER;17 rue HENRI BARBUSSE;5ème Ardt;75105;2017/2018 - 2018/2019;;"{""type"": ""Point"", ""coordinates"": [2.339294801392019, 48.842354565353766]}";48.8423545654,2.33929480139
COLLEGES (année scolaire 2017/2018 - 2018/2019);JULES ROMAINS;6 rue CLER;7ème Ardt;75107;2017/2018 - 2018/2019;;"{""type"": ""Point"", ""coordinates"": [2.305433793080141, 48.85846458705568]}";48.8584645871,2.30543379308
COLLEGES (année scolaire 2017/2018 - 2018/2019);VICTOR DURUY;33 BOULEVARD DES INVALIDES;7ème Ardt;75107;2017/2018 - 2018/2019;;"{""type"": ""Point"", ""coordinates"": [2.314847938354699, 48.852300015928336]}";48.8523000159,2.31484793835
COLLEGES (année scolaire 2017/2018 - 2018/2019);MONTAIGNE;17 rue AUGUSTE COMTE;6ème Ardt;75106;2017/2018 - 2018/2019;;"{""type"": ""Point"", ""coordinates"": [2.3348321135383943, 48.84423739910643]}";48.8442373991,2.33483211354
COLLEGES (année scolaire 2017/2018 - 2018/2019);MARIE CURIE;23 rue BOINOD;18ème Ardt;75118;2017/2018 - 2018/2019;;"{""type"": ""Point"", ""coordinates"": [2.350735844607935, 48.893340190343174]}";48.8933401903,2.35073584461
COLLEGES (année scolaire 2017/2018 - 2018/2019);GABRIEL FAURE;81 AVENUE DE CHOISY;13ème Ardt;75113;2017/2018 - 2018/2019;;"{""type"": ""Point"", ""coordinates"": [2.361407262098493, 48.82404489813093]}";48.8240448981,2.3614072621
COLLEGES (année scolaire 2017/2018 - 2018/2019);SONIA DELAUNAY;14 rue EURYALE DEHAYNIN;19ème Ardt;75119;2017/2018 - 2018/2019;;"{""type"": ""Point"", ""coordinates"": [2.378128741244192, 48.885934300104296]}";48.8859343001,2.37812874124
COLLEGES (année scolaire 2017/2018 - 2018/2019);YVONNE LE TAC;7 rue YVONNE LE TAC;18ème Ardt;75118;2017/2018 - 2018/2019;;"{""type"": ""Point"", ""coordinates"": [2.340653968864259, 48.88402412101799]}";48.884024121,2.34065396886
COLLEGES (année scolaire 2017/2018 - 2018/2019);GUILLAUME BUDE;7 rue JEAN QUARRE;19ème Ardt;75119;2017/2018 - 2018/2019;;"{""type"": ""Point"", ""coordinates"": [2.396286013965293, 48.87683379775527]}";48.8768337978,2.39628601397
COLLEGES (année scolaire 2017/2018 - 2018/2019);ALAIN FOURNIER;87 rue LEON FROT;11ème Ardt;75111;2017/2018 - 2018/2019;;"{""type"": ""Point"", ""coordinates"": [2.383853741179723, 48.85822327431507]}";48.8582232743,2.38385374118
COLLEGES (année scolaire 2021/2022);CHAPTAL;45 BOULEVARD DES BATIGNOLLES;8ème Ardt;75108;2021-2022;Collège;"{""type"": ""Point"", ""coordinates"": [2.319687602583126, 48.88173758353144]}";48.8817375835,2.31968760258
COLLEGES (année scolaire 2021/2022);MONTAIGNE;17 RUE AUGUSTE COMTE;6ème Ardt;75106;2021-2022;Collège;"{""type"": ""Point"", ""coordinates"": [2.334832114935364, 48.84423739641615]}";48.8442373964,2.33483211494
COLLEGES (année scolaire 2019/2020);MOZART;7 rue JOMARD;19ème Ardt;75119;2019-2020;;"{""type"": ""Point"", ""coordinates"": [2.379308212541665, 48.889575954549336]}";48.8895759545,2.37930821254
COLLEGES (année scolaire 2019/2020);GEORGES COURTELINE;48 bis AVENUE DU DOCTEUR ARNOLD NETTER;12ème Ardt;75112;2019-2020;;"{""type"": ""Point"", ""coordinates"": [2.405739565327978, 48.84413178081728]}";48.8441317808,2.40573956533
COLLEGES (année scolaire 2019/2020);ALPHONSE DAUDET;93 RUE D' ALESIA;14ème Ardt;75114;2019-2020;;"{""type"": ""Point"", ""coordinates"": [2.325909406176629, 48.82801241210158]}";48.8280124121,2.32590940618
COLLEGES (année scolaire 2019/2020);JULES ROMAINS;6 rue CLER;7ème Ardt;75107;2019-2020;;"{""type"": ""Point"", ""coordinates"": [2.305433793092129, 48.85846458615637]}";48.8584645862,2.30543379309
COLLEGES (année scolaire 2019/2020);DANIEL MAYER;2 place HEBERT;18ème Ardt;75118;2019-2020;;"{""type"": ""Point"", ""coordinates"": [2.363861812288965, 48.89314129471269]}";48.8931412947,2.36386181229
COLLEGES (année scolaire 2019/2020);JEAN PERRIN;6 rue EUGENE REISZ;20ème Ardt;75120;2019-2020;;"{""type"": ""Point"", ""coordinates"": [2.411192013680306, 48.856852620268185]}";48.8568526203,2.41119201368
COLLEGES (année scolaire 2020/2021);ANNE FRANK;38 RUE TROUSSEAU;11ème Ardt;75111;2020-2021;Collège;"{""type"": ""Point"", ""coordinates"": [2.379036766249539, 48.851925146750034]}";48.8519251468,2.37903676625
COLLEGES (année scolaire 2020/2021);RAYMOND QUENEAU;66 BOULEVARD SAINT-MARCEL;5ème Ardt;75105;2020-2021;Collège;"{""type"": ""Point"", ""coordinates"": [2.354673915718428, 48.83789635698399]}";48.837896357,2.35467391572
COLLEGES (année scolaire 2020/2021);GEORGES CLEMENCEAU;43 RUE DES POISSONNIERS;18ème Ardt;75118;2020-2021;Collège;"{""type"": ""Point"", ""coordinates"": [2.351539771986947, 48.88906745779488]}";48.8890674578,2.35153977199
COLLEGES (année scolaire 2020/2021);CLAUDE MONET;1 RUE DU DOCTEUR MAGNAN;13ème Ardt;75113;2020-2021;Collège;"{""type"": ""Point"", ""coordinates"": [2.362324353417151, 48.8274344687235]}";48.8274344687,2.36232435342
COLLEGES (année scolaire 2020/2021);OCTAVE GREARD;28 RUE DU GENERAL FOY;8ème Ardt;75108;2020-2021;Collège;"{""type"": ""Point"", ""coordinates"": [2.317693538401506, 48.87881482865126]}";48.8788148287,2.3176935384
COLLEGES (année scolaire 2020/2021);COLETTE BESSON;9 RUE DES PANOYAUX;20ème Ardt;75120;2020-2021;Collège;"{""type"": ""Point"", ""coordinates"": [2.384923501131501, 48.86642227484252]}";48.8664222748,2.38492350113
COLLEGES (année scolaire 2020/2021);FRANCOIS COUPERIN;2 ALLEE DES JUSTES DE FRANCE;4ème Ardt;75104;2020-2021;Collège;"{""type"": ""Point"", ""coordinates"": [2.35627838899096, 48.85505968002609]}";48.85505968,2.35627838899
COLLEGES (année scolaire 2020/2021);LAMARTINE;121 RUE DU FAUBOURG POISSONNIERE;9ème Ardt;75109;2020-2021;Collège;"{""type"": ""Point"", ""coordinates"": [2.349089434845314, 48.87838139909924]}";48.8783813991,2.34908943485
COLLEGES (année scolaire 2020/2021);MOZART;7 RUE JOMARD;19ème Ardt;75119;2020-2021;Collège;"{""type"": ""Point"", ""coordinates"": [2.379308212552384, 48.889575953650045]}";48.8895759537,2.37930821255
COLLEGES (année scolaire 2021/2022);PIERRE JEAN DE BERANGER;5 RUE BERANGER;3ème Ardt;75103;2021-2022;Collège;"{""type"": ""Point"", ""coordinates"": [2.364260383409311, 48.86501699035452]}";48.8650169904,2.36426038341
COLLEGES (année scolaire 2017/2018 - 2018/2019);ELSA TRIOLET;9 rue YEO THOMAS;13ème Ardt;75113;2017/2018 - 2018/2019;;"{""type"": ""Point"", ""coordinates"": [2.362500443875058, 48.83141318110745]}";48.8314131811,2.36250044388
COLLEGES (année scolaire 2017/2018 - 2018/2019);BEAUMARCHAIS;124 rue AMELOT;11ème Ardt;75111;2017/2018 - 2018/2019;;"{""type"": ""Point"", ""coordinates"": [2.366905964139272, 48.86423154834393]}";48.8642315483,2.36690596414
COLLEGES (année scolaire 2017/2018 - 2018/2019);AUGUSTE RODIN;19 rue CORVISART;13ème Ardt;75113;2017/2018 - 2018/2019;;"{""type"": ""Point"", ""coordinates"": [2.347148574621564, 48.832569671434776]}";48.8325696714,2.34714857462
COLLEGES (année scolaire 2017/2018 - 2018/2019);MAURICE RAVEL;89 COURS DE VINCENNES;20ème Ardt;75120;2017/2018 - 2018/2019;;"{""type"": ""Point"", ""coordinates"": [2.408337516455997, 48.847671138410455]}";48.8476711384,2.40833751646
COLLEGES (année scolaire 2017/2018 - 2018/2019);CLAUDE MONET;1 RUE DU DOCTEUR MAGNAN;13ème Ardt;75113;2017/2018 - 2018/2019;;"{""type"": ""Point"", ""coordinates"": [2.36232435201105, 48.82743447231347]}";48.8274344723,2.36232435201
COLLEGES (année scolaire 2017/2018 - 2018/2019);EDOUARD PAILLERON;35 rue EDOUARD PAILLERON;19ème Ardt;75119;2017/2018 - 2018/2019;;"{""type"": ""Point"", ""coordinates"": [2.378959596270274, 48.88129319516136]}";48.8812931952,2.37895959627
COLLEGES (année scolaire 2017/2018 - 2018/2019);MAURICE UTRILLO;100 boulevard NEY;18ème Ardt;75118;2017/2018 - 2018/2019;;"{""type"": ""Point"", ""coordinates"": [2.344756431353995, 48.89820810778826]}";48.8982081078,2.34475643135
COLLEGES (année scolaire 2017/2018 - 2018/2019);GEORGES CLEMENCEAU;43 RUE DES POISSONNIERS;18ème Ardt;75118;2017/2018 - 2018/2019;;"{""type"": ""Point"", ""coordinates"": [2.351539771953349, 48.88906746049269]}";48.8890674605,2.35153977195
COLLEGES (année scolaire 2017/2018 - 2018/2019);PIERRE JEAN DE BERANGER;5 rue BERANGER;3ème Ardt;75103;2017/2018 - 2018/2019;;"{""type"": ""Point"", ""coordinates"": [2.364260383376388, 48.865016993052386]}";48.8650169931,2.36426038338
COLLEGES (année scolaire 2021/2022);HELENE BOUCHER;75 COURS DE VINCENNES;20ème Ardt;75120;2021-2022;Collège;"{""type"": ""Point"", ""coordinates"": [2.406967533044743, 48.84781843548246]}";48.8478184355,2.40696753304
COLLEGES (année scolaire 2021/2022);PIERRE MENDES FRANCE;24 RUE LE VAU;20ème Ardt;75120;2021-2022;Collège;"{""type"": ""Point"", ""coordinates"": [2.411159984926501, 48.86805832906416]}";48.8680583291,2.41115998493
COLLEGES (année scolaire 2021/2022);FLORA TRISTAN;4 RUE GALLERON;20ème Ardt;75120;2021-2022;Collège;"{""type"": ""Point"", ""coordinates"": [2.404630008354641, 48.85874304494557]}";48.8587430449,2.40463000835
COLLEGES (année scolaire 2019/2020);MOLIERE;71 RUE DU RANELAGH;16ème Ardt;75116;2019-2020;;"{""type"": ""Point"", ""coordinates"": [2.272125246724246, 48.85500051565251]}";48.8550005157,2.27212524672
COLLEGES (année scolaire 2019/2020);ALBERTO GIACOMETTI;7 rue DU CANGE;14ème Ardt;75114;2019-2020;;"{""type"": ""Point"", ""coordinates"": [2.314971561745246, 48.834264555666174]}";48.8342645557,2.31497156175
COLLEGES (année scolaire 2019/2020);LUCIE ET RAYMOND AUBRAC;62 RUE DE LA FONTAINE AU ROI;11ème Ardt;75111;2019-2020;;"{""type"": ""Point"", ""coordinates"": [2.3743213739224043, 48.868234142876744]}";48.8682341429,2.37432137392
COLLEGES (année scolaire 2019/2020);HENRI BERGSON;27 bis rue EDOUARD PAILLERON;19ème Ardt;75119;2019-2020;;"{""type"": ""Point"", ""coordinates"": [2.3780403742686103, 48.881137696675985]}";48.8811376967,2.37804037427
COLLEGES (année scolaire 2019/2020);COLETTE BESSON;9 RUE DES PANOYAUX;20ème Ardt;75120;2019-2020;;"{""type"": ""Point"", ""coordinates"": [2.384923501089029, 48.86642227843967]}";48.8664222784,2.38492350109
COLLEGES (année scolaire 2019/2020);GABRIEL FAURE;81 AVENUE DE CHOISY;13ème Ardt;75113;2019-2020;;"{""type"": ""Point"", ""coordinates"": [2.361407262098493, 48.82404489813093]}";48.8240448981,2.3614072621
COLLEGES (année scolaire 2019/2020);PAUL BERT;8 rue HUYGHENS;14ème Ardt;75114;2019-2020;;"{""type"": ""Point"", ""coordinates"": [2.328851213063905, 48.841041360278695]}";48.8410413603,2.32885121306
COLLEGES (année scolaire 2019/2020);ANNE FRANK;38 rue TROUSSEAU;11ème Ardt;75111;2019-2020;;"{""type"": ""Point"", ""coordinates"": [2.379036764844029, 48.85192515034014]}";48.8519251503,2.37903676484
COLLEGES (année scolaire 2020/2021);JANSON DE SAILLY;106 RUE DE LA POMPE;16ème Ardt;75116;2020-2021;Collège;"{""type"": ""Point"", ""coordinates"": [2.279452315255898, 48.86556091414147]}";48.8655609141,2.27945231526
COLLEGES (année scolaire 2020/2021);LAVOISIER;17 RUE HENRI BARBUSSE;5ème Ardt;75105;2020-2021;Collège;"{""type"": ""Point"", ""coordinates"": [2.339294801449021, 48.84235456085726]}";48.8423545609,2.33929480145
COLLEGES (année scolaire 2020/2021);ROSE BLANCHE;101 RUE DE SAUSSURE;17ème Ardt;75117;2020-2021;Collège;"{""type"": ""Point"", ""coordinates"": [2.311717565640409, 48.8874299696971]}";48.8874299697,2.31171756564
COLLEGES (année scolaire 2021/2022);JANSON DE SAILLY;106 RUE DE LA POMPE;16ème Ardt;75116;2021-2022;Collège;"{""type"": ""Point"", ""coordinates"": [2.279452315255898, 48.86556091414147]}";48.8655609141,2.27945231526
COLLEGES (année scolaire 2021/2022);CESAR FRANCK;5 RUE DE LA JUSSIENNE;2ème Ardt;75102;2021-2022;Collège;"{""type"": ""Point"", ""coordinates"": [2.344202679899203, 48.86535583739993]}";48.8653558374,2.3442026799
COLLEGES (année scolaire 2021/2022);PIERRE DE RONSARD;140 AVENUE DE WAGRAM;17ème Ardt;75117;2021-2022;Collège;"{""type"": ""Point"", ""coordinates"": [2.3040936300187402, 48.88588609596083]}";48.885886096,2.30409363002
COLLEGES (année scolaire 2021/2022);ANNE FRANK;38 RUE TROUSSEAU;11ème Ardt;75111;2021-2022;Collège;"{""type"": ""Point"", ""coordinates"": [2.379036766249539, 48.851925146750034]}";48.8519251468,2.37903676625
COLLEGES (année scolaire 2017/2018 - 2018/2019);AIME CESAIRE;22 rue PAJOL;18ème Ardt;75118;2017/2018 - 2018/2019;;"{""type"": ""Point"", ""coordinates"": [2.363067598499841, 48.889594795434014]}";48.8895947954,2.3630675985
COLLEGES (année scolaire 2017/2018 - 2018/2019);PAUL GAUGUIN;35 rue MILTON;9ème Ardt;75109;2017/2018 - 2018/2019;;"{""type"": ""Point"", ""coordinates"": [2.342345239651666, 48.87923074871217]}";48.8792307487,2.34234523965
COLLEGES (année scolaire 2017/2018 - 2018/2019);FRANCOIS COUPERIN;2 ALLEE DES JUSTES DE FRANCE;4ème Ardt;75104;2017/2018 - 2018/2019;;"{""type"": ""Point"", ""coordinates"": [2.356278387572587, 48.85505968451522]}";48.8550596845,2.35627838757
COLLEGES (année scolaire 2017/2018 - 2018/2019);GUSTAVE FLAUBERT;82 AVENUE D' IVRY;13ème Ardt;75113;2017/2018 - 2018/2019;;"{""type"": ""Point"", ""coordinates"": [2.362659760676201, 48.82496991676632]}";48.8249699168,2.36265976068
COLLEGES (année scolaire 2017/2018 - 2018/2019);PAUL VALERY;38 boulevard SOULT;12ème Ardt;75112;2017/2018 - 2018/2019;;"{""type"": ""Point"", ""coordinates"": [2.409179064590181, 48.83984209402815]}";48.839842094,2.40917906459
COLLEGES (année scolaire 2017/2018 - 2018/2019);MARX DORMOY;55 rue MARX DORMOY;18ème Ardt;75118;2017/2018 - 2018/2019;;"{""type"": ""Point"", ""coordinates"": [2.359697412079975, 48.88849687688966]}";48.8884968769,2.35969741208
COLLEGES (année scolaire 2021/2022);ALPHONSE DAUDET;93 RUE D' ALESIA;14ème Ardt;75114;2021-2022;Collège;"{""type"": ""Point"", ""coordinates"": [2.325909407585153, 48.82801240851197]}";48.8280124085,2.32590940759
COLLEGES (année scolaire 2021/2022);GABRIEL FAURE;81 AVENUE DE CHOISY;13ème Ardt;75113;2021-2022;Collège;"{""type"": ""Point"", ""coordinates"": [2.361407262120524, 48.82404489633226]}";48.8240448963,2.36140726212
COLLEGES (année scolaire 2021/2022);MARX DORMOY;55 RUE MARX DORMOY;18ème Ardt;75118;2021-2022;Collège;"{""type"": ""Point"", ""coordinates"": [2.359697412102091, 48.88849687509113]}";48.8884968751,2.3596974121
COLLEGES (année scolaire 2019/2020);LA GRANGE AUX BELLES;158 QUAI DE JEMMAPES;10ème Ardt;75110;2019-2020;;"{""type"": ""Point"", ""coordinates"": [2.366634856549408, 48.87798502174986]}";48.8779850217,2.36663485655
COLLEGES (année scolaire 2019/2020);PAUL VERLAINE;167 RUE DE BERCY;12ème Ardt;75112;2019-2020;;"{""type"": ""Point"", ""coordinates"": [2.375238550395827, 48.84260745445273]}";48.8426074545,2.3752385504
COLLEGES (année scolaire 2019/2020);ELSA TRIOLET;9 rue YEO THOMAS;13ème Ardt;75113;2019-2020;;"{""type"": ""Point"", ""coordinates"": [2.362500443875058, 48.83141318110745]}";48.8314131811,2.36250044388
COLLEGES (année scolaire 2019/2020);OCTAVE GREARD;28 RUE DU GENERAL FOY;8ème Ardt;75108;2019-2020;;"{""type"": ""Point"", ""coordinates"": [2.3176935383779442, 48.878814830449805]}";48.8788148304,2.31769353838
COLLEGES (année scolaire 2020/2021);ROBERT DOISNEAU;51 RUE DES PANOYAUX;20ème Ardt;75120;2020-2021;Collège;"{""type"": ""Point"", ""coordinates"": [2.387974290425766, 48.86707415481146]}";48.8670741548,2.38797429043
COLLEGES (année scolaire 2020/2021);JEAN DE LA FONTAINE;1 PLACE DE LA PORTE MOLITOR;16ème Ardt;75116;2020-2021;Collège;"{""type"": ""Point"", ""coordinates"": [2.256577695486443, 48.84519060168556]}";48.8451906017,2.25657769549
COLLEGES (année scolaire 2020/2021);PIERRE DE RONSARD;140 AVENUE DE WAGRAM;17ème Ardt;75117;2020-2021;Collège;"{""type"": ""Point"", ""coordinates"": [2.3040936300187402, 48.88588609596083]}";48.885886096,2.30409363002
COLLEGES (année scolaire 2020/2021);MOLIERE;71 RUE DU RANELAGH;16ème Ardt;75116;2020-2021;Collège;"{""type"": ""Point"", ""coordinates"": [2.272125246761933, 48.855000512954625]}";48.855000513,2.27212524676
COLLEGES (année scolaire 2020/2021);JEAN PERRIN;6 RUE EUGENE REISZ;20ème Ardt;75120;2020-2021;Collège;"{""type"": ""Point"", ""coordinates"": [2.411192015083834, 48.8568526166777]}";48.8568526167,2.41119201508
COLLEGES (année scolaire 2020/2021);ANDRE CITROEN;208 RUE SAINT-CHARLES;15ème Ardt;75115;2020-2021;Collège;"{""type"": ""Point"", ""coordinates"": [2.278590252444514, 48.838859569843]}";48.8388595698,2.27859025244
COLLEGES (année scolaire 2020/2021);PAUL VERLAINE;167 RUE DE BERCY;12ème Ardt;75112;2020-2021;Collège;"{""type"": ""Point"", ""coordinates"": [2.375238551801448, 48.84260745086263]}";48.8426074509,2.3752385518
COLLEGES (année scolaire 2021/2022);ROGNONI;24 RUE DU CARDINAL LEMOINE;5ème Ardt;75105;2021-2022;Collège;"{""type"": ""Point"", ""coordinates"": [2.353281841578868, 48.84827305751572]}";48.8482730575,2.35328184158
COLLEGES (année scolaire 2021/2022);JEAN MOULIN;75 RUE D' ALESIA;14ème Ardt;75114;2021-2022;Collège;"{""type"": ""Point"", ""coordinates"": [2.328319953644901, 48.82773032559163]}";48.8277303256,2.32831995364
COLLEGES (année scolaire 2021/2022);GEORGES ROUAULT;3 RUE DU NOYER-DURAND;19ème Ardt;75119;2021-2022;Collège;"{""type"": ""Point"", ""coordinates"": [2.399077061965366, 48.886609192663514]}";48.8866091927,2.39907706197
COLLEGES (année scolaire 2021/2022);PAUL VALERY;38 BOULEVARD SOULT;12ème Ardt;75112;2021-2022;Collège;"{""type"": ""Point"", ""coordinates"": [2.409179064600375, 48.83984209312885]}";48.8398420931,2.4091790646
COLLEGES (année scolaire 2017/2018 - 2018/2019);ROLAND DORGELES;63 RUE DE CLIGNANCOURT;18ème Ardt;75118;2017/2018 - 2018/2019;;"{""type"": ""Point"", ""coordinates"": [2.347862029230415, 48.888241911638524]}";48.8882419116,2.34786202923
COLLEGES (année scolaire 2017/2018 - 2018/2019);CHARLES PEGUY;69 avenue SIMON BOLIVAR;19ème Ardt;75119;2017/2018 - 2018/2019;;"{""type"": ""Point"", ""coordinates"": [2.376536636384852, 48.8762897937963]}";48.8762897938,2.37653663638
COLLEGES (année scolaire 2017/2018 - 2018/2019);GEORGES DUHAMEL;13 RUE DES VOLONTAIRES;15ème Ardt;75115;2017/2018 - 2018/2019;;"{""type"": ""Point"", ""coordinates"": [2.3072338251931352, 48.84264716055018]}";48.8426471606,2.30723382519
COLLEGES (année scolaire 2017/2018 - 2018/2019);EDMOND MICHELET;70 RUE DE L' OURCQ;19ème Ardt;75119;2017/2018 - 2018/2019;;"{""type"": ""Point"", ""coordinates"": [2.376485834369094, 48.893666558453425]}";48.8936665585,2.37648583437
COLLEGES (année scolaire 2017/2018 - 2018/2019);ALPHONSE DAUDET;93 RUE D' ALESIA;14ème Ardt;75114;2017/2018 - 2018/2019;;"{""type"": ""Point"", ""coordinates"": [2.325909406165001, 48.828012413000856]}";48.828012413,2.32590940617
COLLEGES (année scolaire 2017/2018 - 2018/2019);ALBERTO GIACOMETTI;7 rue DU CANGE;14ème Ardt;75114;2017/2018 - 2018/2019;;"{""type"": ""Point"", ""coordinates"": [2.314971561733428, 48.834264556565465]}";48.8342645566,2.31497156173
COLLEGES (année scolaire 2021/2022);HONORE DE BALZAC;118 BOULEVARD BESSIERES;17ème Ardt;75117;2021-2022;Collège;"{""type"": ""Point"", ""coordinates"": [2.315476824340967, 48.895530729202925]}";48.8955307292,2.31547682434
COLLEGES (année scolaire 2021/2022);GEORGES MELIES;43 RUE DE TANGER;19ème Ardt;75119;2021-2022;Collège;"{""type"": ""Point"", ""coordinates"": [2.370361625408253, 48.888070963282594]}";48.8880709633,2.37036162541
COLLEGES (année scolaire 2021/2022);EVARISTE GALOIS;11 RUE DU DOCTEUR BOURNEVILLE;13ème Ardt;75113;2021-2022;Collège;"{""type"": ""Point"", ""coordinates"": [2.358378714817568, 48.81844173613279]}";48.8184417361,2.35837871482
COLLEGES (année scolaire 2019/2020);JEAN-BAPTISTE CLEMENT;26 rue HENRI CHEVREAU;20ème Ardt;75120;2019-2020;;"{""type"": ""Point"", ""coordinates"": [2.389377915819809, 48.86995321107215]}";48.8699532111,2.38937791582
COLLEGES (année scolaire 2019/2020);JULES FERRY;77 bis BOULEVARD DE CLICHY;9ème Ardt;75109;2019-2020;;"{""type"": ""Point"", ""coordinates"": [2.329145603892361, 48.88435017572185]}";48.8843501757,2.32914560389
COLLEGES (année scolaire 2019/2020);ANTOINE COYSEVOX;16 rue COYSEVOX;18ème Ardt;75118;2019-2020;;"{""type"": ""Point"", ""coordinates"": [2.329820195231789, 48.89161762769629]}";48.8916176277,2.32982019523
COLLEGES (année scolaire 2019/2020);THOMAS MANN;91 AVENUE DE FRANCE;13ème Ardt;75113;2019-2020;;"{""type"": ""Point"", ""coordinates"": [2.37793885773503, 48.82891771439166]}";48.8289177144,2.37793885774
COLLEGES (année scolaire 2019/2020);GEORGES DUHAMEL;13 RUE DES VOLONTAIRES;15ème Ardt;75115;2019-2020;;"{""type"": ""Point"", ""coordinates"": [2.3072338251931352, 48.84264716055018]}";48.8426471606,2.30723382519
COLLEGES (année scolaire 2019/2020);BERNARD PALISSY;21 RUE DES PETITS HOTELS;10ème Ardt;75110;2019-2020;;"{""type"": ""Point"", ""coordinates"": [2.352858994324889, 48.87746346446646]}";48.8774634645,2.35285899432
COLLEGES (année scolaire 2019/2020);RAYMOND QUENEAU;66 boulevard SAINT-MARCEL;5ème Ardt;75105;2019-2020;;"{""type"": ""Point"", ""coordinates"": [2.354673915673892, 48.837896360581205]}";48.8378963606,2.35467391567
COLLEGES (année scolaire 2019/2020);PIERRE MENDES FRANCE;24 rue LE VAU;20ème Ardt;75120;2019-2020;;"{""type"": ""Point"", ""coordinates"": [2.411159984896006, 48.868058331761986]}";48.8680583318,2.4111599849
COLLEGES (année scolaire 2020/2021);STEPHANE MALLARME;29 RUE DE LA JONQUIERE;17ème Ardt;75117;2020-2021;Collège;"{""type"": ""Point"", ""coordinates"": [2.32448159826506, 48.893482019583715]}";48.8934820196,2.32448159827
COLLEGES (année scolaire 2020/2021);AMEDEO MODIGLIANI;1 RUE DE CHERBOURG;15ème Ardt;75115;2020-2021;Collège;"{""type"": ""Point"", ""coordinates"": [2.304739466061122, 48.83170273369949]}";48.8317027337,2.30473946606
COLLEGES (année scolaire 2020/2021);HENRI IV;23 RUE CLOVIS;5ème Ardt;75105;2020-2021;Collège;"{""type"": ""Point"", ""coordinates"": [2.347383672470345, 48.8463580928723]}";48.8463580929,2.34738367247
COLLEGES (année scolaire 2020/2021);ANTOINE COYSEVOX;16 RUE COYSEVOX;18ème Ardt;75118;2020-2021;Collège;"{""type"": ""Point"", ""coordinates"": [2.329820195243364, 48.89161762679699]}";48.8916176268,2.32982019524
COLLEGES (année scolaire 2021/2022);HENRI MATISSE;3 RUE VITRUVE;20ème Ardt;75120;2021-2022;Collège;"{""type"": ""Point"", ""coordinates"": [2.401975118872313, 48.85645682794513]}";48.8564568279,2.40197511887
